This is LuaHBTeX, Version 1.18.0 (TeX Live 2024)  (format=lualatex 2024.8.2)  19 FEB 2026 13:40
 system commands enabled.
**slides_meat_30min_vpost.tex
(./slides_meat_30min_vpost.tex
LaTeX2e <2023-11-01> patch level 1
L3 programming layer <2024-02-20>
Lua module: luaotfload 2024-02-14 3.28 Lua based OpenType font support
Lua module: lualibs 2023-07-13 2.76 ConTeXt Lua standard libraries.
Lua module: lualibs-extended 2023-07-13 2.76 ConTeXt Lua libraries -- extended c
ollection.
luaotfload | conf : Root cache directory is "/Users/sebastianchacon/Library/texl
ive/2024/texmf-var/luatex-cache/generic/names".
luaotfload | init : Loading fontloader "fontloader-2023-12-28.lua" from kpse-res
olved path "/usr/local/texlive/2024/texmf-dist/tex/luatex/luaotfload/fontloader-
2023-12-28.lua".
Lua-only attribute luaotfload@noligature = 1
luaotfload | init : Context OpenType loader version 3.134
Inserting `luaotfload.node_processor' in `pre_linebreak_filter'.
Inserting `luaotfload.node_processor' in `hpack_filter'.
Inserting `luaotfload.glyph_stream' in `glyph_stream_provider'.
Inserting `luaotfload.define_font' in `define_font'.
Lua-only attribute luaotfload_color_attribute = 2
luaotfload | conf : Root cache directory is "/Users/sebastianchacon/Library/texl
ive/2024/texmf-var/luatex-cache/generic/names".
Inserting `luaotfload.harf.strip_prefix' in `find_opentype_file'.
Inserting `luaotfload.harf.strip_prefix' in `find_truetype_file'.
Removing  `luaotfload.glyph_stream' from `glyph_stream_provider'.
Inserting `luaotfload.harf.glyphstream' in `glyph_stream_provider'.
Inserting `luaotfload.harf.finalize_vlist' in `post_linebreak_filter'.
Inserting `luaotfload.harf.finalize_hlist' in `hpack_filter'.
Inserting `luaotfload.cleanup_files' in `wrapup_run'.
Inserting `luaotfload.harf.finalize_unicode' in `finish_pdffile'.
Inserting `luaotfload.glyphinfo' in `glyph_info'.
Lua-only attribute luaotfload.letterspace_done = 3
Inserting `luaotfload.aux.set_sscale_dimens' in `luaotfload.patch_font'.
Inserting `luaotfload.aux.set_font_index' in `luaotfload.patch_font'.
Inserting `luaotfload.aux.patch_cambria_domh' in `luaotfload.patch_font'.
Inserting `luaotfload.aux.fixup_fontdata' in `luaotfload.patch_font_unsafe'.
Inserting `luaotfload.aux.set_capheight' in `luaotfload.patch_font'.
Inserting `luaotfload.aux.set_xheight' in `luaotfload.patch_font'.
Inserting `luaotfload.rewrite_fontname' in `luaotfload.patch_font'.
Inserting `tracingstacklevels' in `input_level_string'. (./sty/header.tex
(/usr/local/texlive/2024/texmf-dist/tex/latex/beamer/beamer.cls
Document Class: beamer 2024/01/06 v3.71 A class for typesetting presentations
(/usr/local/texlive/2024/texmf-dist/tex/latex/beamer/beamerbasemodes.sty
(/usr/local/texlive/2024/texmf-dist/tex/latex/etoolbox/etoolbox.sty
Package: etoolbox 2020/10/05 v2.5k e-TeX tools for LaTeX (JAW)
\etb@tempcnta=\count186
)
\beamer@tempbox=\box51
\beamer@tempcount=\count187
\c@beamerpauses=\count188

(/usr/local/texlive/2024/texmf-dist/tex/latex/beamer/beamerbasedecode.sty
\beamer@slideinframe=\count189
\beamer@minimum=\count190
\beamer@decode@box=\box52
)
\beamer@commentbox=\box53
\beamer@modecount=\count191
)
(/usr/local/texlive/2024/texmf-dist/tex/generic/iftex/iftex.sty
Package: iftex 2022/02/03 v1.0f TeX engine tests
)
\headdp=\dimen139
\footheight=\dimen140
\sidebarheight=\dimen141
\beamer@tempdim=\dimen142
\beamer@finalheight=\dimen143
\beamer@animht=\dimen144
\beamer@animdp=\dimen145
\beamer@animwd=\dimen146
\beamer@leftmargin=\dimen147
\beamer@rightmargin=\dimen148
\beamer@leftsidebar=\dimen149
\beamer@rightsidebar=\dimen150
\beamer@boxsize=\dimen151
\beamer@vboxoffset=\dimen152
\beamer@descdefault=\dimen153
\beamer@descriptionwidth=\dimen154
\beamer@lastskip=\skip48
\beamer@areabox=\box54
\beamer@animcurrent=\box55
\beamer@animshowbox=\box56
\beamer@sectionbox=\box57
\beamer@logobox=\box58
\beamer@linebox=\box59
\beamer@sectioncount=\count192
\beamer@subsubsectionmax=\count193
\beamer@subsectionmax=\count194
\beamer@sectionmax=\count195
\beamer@totalheads=\count196
\beamer@headcounter=\count197
\beamer@partstartpage=\count198
\beamer@sectionstartpage=\count199
\beamer@subsectionstartpage=\count266
\beamer@animationtempa=\count267
\beamer@animationtempb=\count268
\beamer@xpos=\count269
\beamer@ypos=\count270
\beamer@ypos@offset=\count271
\beamer@showpartnumber=\count272
\beamer@currentsubsection=\count273
\beamer@coveringdepth=\count274
\beamer@sectionadjust=\count275
\beamer@toclastsection=\count276
\beamer@tocsectionnumber=\count277

(/usr/local/texlive/2024/texmf-dist/tex/latex/beamer/beamerbaseoptions.sty
(/usr/local/texlive/2024/texmf-dist/tex/latex/graphics/keyval.sty
Package: keyval 2022/05/29 v1.15 key=value parser (DPC)
\KV@toks@=\toks17
))
\beamer@paperwidth=\skip49
\beamer@paperheight=\skip50

(/usr/local/texlive/2024/texmf-dist/tex/latex/geometry/geometry.sty
Package: geometry 2020/01/02 v5.9 Page Geometry

(/usr/local/texlive/2024/texmf-dist/tex/generic/iftex/ifvtex.sty
Package: ifvtex 2019/10/25 v1.7 ifvtex legacy package. Use iftex instead.
)
\Gm@cnth=\count278
\Gm@cntv=\count279
\c@Gm@tempcnt=\count280
\Gm@bindingoffset=\dimen155
\Gm@wd@mp=\dimen156
\Gm@odd@mp=\dimen157
\Gm@even@mp=\dimen158
\Gm@layoutwidth=\dimen159
\Gm@layoutheight=\dimen160
\Gm@layouthoffset=\dimen161
\Gm@layoutvoffset=\dimen162
\Gm@dimlist=\toks18
)
(/usr/local/texlive/2024/texmf-dist/tex/latex/pgf/math/pgfmath.sty
(/usr/local/texlive/2024/texmf-dist/tex/latex/pgf/utilities/pgfrcs.sty
(/usr/local/texlive/2024/texmf-dist/tex/generic/pgf/utilities/pgfutil-common.te
x
\pgfutil@everybye=\toks19
\pgfutil@tempdima=\dimen163
\pgfutil@tempdimb=\dimen164
)
(/usr/local/texlive/2024/texmf-dist/tex/generic/pgf/utilities/pgfutil-latex.def
\pgfutil@abb=\box60
) (/usr/local/texlive/2024/texmf-dist/tex/generic/pgf/utilities/pgfrcs.code.tex
(/usr/local/texlive/2024/texmf-dist/tex/generic/pgf/pgf.revision.tex)
Package: pgfrcs 2023-01-15 v3.1.10 (3.1.10)
))
(/usr/local/texlive/2024/texmf-dist/tex/latex/pgf/utilities/pgfkeys.sty
(/usr/local/texlive/2024/texmf-dist/tex/generic/pgf/utilities/pgfkeys.code.tex
\pgfkeys@pathtoks=\toks20
\pgfkeys@temptoks=\toks21

(/usr/local/texlive/2024/texmf-dist/tex/generic/pgf/utilities/pgfkeyslibraryfil
tered.code.tex
\pgfkeys@tmptoks=\toks22
)))
(/usr/local/texlive/2024/texmf-dist/tex/generic/pgf/math/pgfmath.code.tex
(/usr/local/texlive/2024/texmf-dist/tex/generic/pgf/math/pgfmathutil.code.tex
\pgf@x=\dimen165
\pgf@xa=\dimen166
\pgf@xb=\dimen167
\pgf@xc=\dimen168
\pgf@y=\dimen169
\pgf@ya=\dimen170
\pgf@yb=\dimen171
\pgf@yc=\dimen172
\c@pgf@counta=\count281
\c@pgf@countb=\count282
\c@pgf@countc=\count283
\c@pgf@countd=\count284
)
(/usr/local/texlive/2024/texmf-dist/tex/generic/pgf/math/pgfmathparser.code.tex
\pgfmath@dimen=\dimen173
\pgfmath@count=\count285
\pgfmath@box=\box61
\pgfmath@toks=\toks23
\pgfmath@stack@operand=\toks24
\pgfmath@stack@operation=\toks25
)
(/usr/local/texlive/2024/texmf-dist/tex/generic/pgf/math/pgfmathfunctions.code.
tex)
(/usr/local/texlive/2024/texmf-dist/tex/generic/pgf/math/pgfmathfunctions.basic
.code.tex)
(/usr/local/texlive/2024/texmf-dist/tex/generic/pgf/math/pgfmathfunctions.trigo
nometric.code.tex)
(/usr/local/texlive/2024/texmf-dist/tex/generic/pgf/math/pgfmathfunctions.rando
m.code.tex)
(/usr/local/texlive/2024/texmf-dist/tex/generic/pgf/math/pgfmathfunctions.compa
rison.code.tex)
(/usr/local/texlive/2024/texmf-dist/tex/generic/pgf/math/pgfmathfunctions.base.
code.tex)
(/usr/local/texlive/2024/texmf-dist/tex/generic/pgf/math/pgfmathfunctions.round
.code.tex)
(/usr/local/texlive/2024/texmf-dist/tex/generic/pgf/math/pgfmathfunctions.misc.
code.tex)
(/usr/local/texlive/2024/texmf-dist/tex/generic/pgf/math/pgfmathfunctions.integ
erarithmetics.code.tex)
(/usr/local/texlive/2024/texmf-dist/tex/generic/pgf/math/pgfmathcalc.code.tex)
(/usr/local/texlive/2024/texmf-dist/tex/generic/pgf/math/pgfmathfloat.code.tex
\c@pgfmathroundto@lastzeros=\count286
)))

Class beamer Warning: ``mathserif'' is obsolete. Use font theme ``serif'' with 
option ``onlymath'' on input line 360.


Class beamer Warning: ``serif'' option is obsolete. Use font theme ``serif'' in
stead on input line 360.

(/usr/local/texlive/2024/texmf-dist/tex/latex/base/size11.clo
File: size11.clo 2023/05/17 v1.4n Standard LaTeX file (size option)
luaotfload | db : Font names database loaded from /Users/sebastianchacon/Library
/texlive/2024/texmf-var/luatex-cache/generic/names/luaotfload-names.luc.gz)
(/usr/local/texlive/2024/texmf-dist/tex/latex/pgf/basiclayer/pgfcore.sty
(/usr/local/texlive/2024/texmf-dist/tex/latex/graphics/graphicx.sty
Package: graphicx 2021/09/16 v1.2d Enhanced LaTeX Graphics (DPC,SPQR)

(/usr/local/texlive/2024/texmf-dist/tex/latex/graphics/graphics.sty
Package: graphics 2022/03/10 v1.4e Standard LaTeX Graphics (DPC,SPQR)

(/usr/local/texlive/2024/texmf-dist/tex/latex/graphics/trig.sty
Package: trig 2021/08/11 v1.11 sin cos tan (DPC)
)
(/usr/local/texlive/2024/texmf-dist/tex/latex/graphics-cfg/graphics.cfg
File: graphics.cfg 2016/06/04 v1.11 sample graphics configuration
)
Package graphics Info: Driver file: xetex.def on input line 107.

(/usr/local/texlive/2024/texmf-dist/tex/latex/graphics-def/xetex.def
File: xetex.def 2022/09/22 v5.0n Graphics/color driver for xetex
))
\Gin@req@height=\dimen174
\Gin@req@width=\dimen175
)
(/usr/local/texlive/2024/texmf-dist/tex/latex/pgf/systemlayer/pgfsys.sty
(/usr/local/texlive/2024/texmf-dist/tex/generic/pgf/systemlayer/pgfsys.code.tex
Package: pgfsys 2023-01-15 v3.1.10 (3.1.10)
\pgf@x=\dimen176
\pgf@y=\dimen177
\pgf@xa=\dimen178
\pgf@ya=\dimen179
\pgf@xb=\dimen180
\pgf@yb=\dimen181
\pgf@xc=\dimen182
\pgf@yc=\dimen183
\pgf@xd=\dimen184
\pgf@yd=\dimen185
\w@pgf@writea=\write3
\r@pgf@reada=\read2
\c@pgf@counta=\count287
\c@pgf@countb=\count288
\c@pgf@countc=\count289
\c@pgf@countd=\count290
\t@pgf@toka=\toks26
\t@pgf@tokb=\toks27
\t@pgf@tokc=\toks28
\pgf@sys@id@count=\count291
(/usr/local/texlive/2024/texmf-dist/tex/generic/pgf/systemlayer/pgf.cfg
File: pgf.cfg 2023-01-15 v3.1.10 (3.1.10)
)
Driver file for pgf: pgfsys-xetex.def

(/usr/local/texlive/2024/texmf-dist/tex/generic/pgf/systemlayer/pgfsys-xetex.de
f
File: pgfsys-xetex.def 2023-01-15 v3.1.10 (3.1.10)

(/usr/local/texlive/2024/texmf-dist/tex/generic/pgf/systemlayer/pgfsys-dvipdfmx
.def
File: pgfsys-dvipdfmx.def 2023-01-15 v3.1.10 (3.1.10)

(/usr/local/texlive/2024/texmf-dist/tex/generic/pgf/systemlayer/pgfsys-common-p
df.def
File: pgfsys-common-pdf.def 2023-01-15 v3.1.10 (3.1.10)
)
\pgfsys@objnum=\count292
)
! Undefined control sequence.
l.65 \ifnum\the\XeTeXversion
                          \expandafter\pgfutil@gobble\XeTeXrevision>0999991\...
The control sequence at the end of the top line
of your error message was never \def'ed. If you have
misspelled it (e.g., `\hobx'), type `I' and the correct
spelling (e.g., `I\hbox'). Otherwise just continue,
and I'll forget about whatever was undefined.

! Undefined control sequence.
l.65 ...ion\expandafter\pgfutil@gobble\XeTeXrevision
                                                  >0999991\relax
The control sequence at the end of the top line
of your error message was never \def'ed. If you have
misspelled it (e.g., `\hobx'), type `I' and the correct
spelling (e.g., `I\hbox'). Otherwise just continue,
and I'll forget about whatever was undefined.

! You can't use `the character 0' after \the.
l.65 ...n\expandafter\pgfutil@gobble\XeTeXrevision>0
                                                  999991\relax
I'm forgetting what you said and using zero instead.

! Missing = inserted for \ifnum.
<to be read again> 
\relax 
l.65 ...r\pgfutil@gobble\XeTeXrevision>0999991\relax
                                                  
I was expecting to see `<', `=', or `>'. Didn't.

! Missing number, treated as zero.
<to be read again> 
\relax 
l.65 ...r\pgfutil@gobble\XeTeXrevision>0999991\relax
                                                  
A number should have been here; I inserted `0'.
(If you can't figure out why I needed to see a number,
look up `weird error' in the index to The TeXbook.)

! Undefined control sequence.
l.73   \pdfpagewidth
                  \paperwidth
The control sequence at the end of the top line
of your error message was never \def'ed. If you have
misspelled it (e.g., `\hobx'), type `I' and the correct
spelling (e.g., `I\hbox'). Otherwise just continue,
and I'll forget about whatever was undefined.

! Undefined control sequence.
l.74   \pdfpageheight
                   \paperheight % this is to work around a positioning probl...
The control sequence at the end of the top line
of your error message was never \def'ed. If you have
misspelled it (e.g., `\hobx'), type `I' and the correct
spelling (e.g., `I\hbox'). Otherwise just continue,
and I'll forget about whatever was undefined.

))
(/usr/local/texlive/2024/texmf-dist/tex/generic/pgf/systemlayer/pgfsyssoftpath.
code.tex
File: pgfsyssoftpath.code.tex 2023-01-15 v3.1.10 (3.1.10)
\pgfsyssoftpath@smallbuffer@items=\count293
\pgfsyssoftpath@bigbuffer@items=\count294
)
(/usr/local/texlive/2024/texmf-dist/tex/generic/pgf/systemlayer/pgfsysprotocol.
code.tex
File: pgfsysprotocol.code.tex 2023-01-15 v3.1.10 (3.1.10)
)) (/usr/local/texlive/2024/texmf-dist/tex/latex/xcolor/xcolor.sty
Package: xcolor 2023/11/15 v3.01 LaTeX color extensions (UK)

(/usr/local/texlive/2024/texmf-dist/tex/latex/graphics-cfg/color.cfg
File: color.cfg 2016/01/02 v1.6 sample color configuration
)
Package xcolor Info: Driver file: xetex.def on input line 274.

(/usr/local/texlive/2024/texmf-dist/tex/latex/graphics/mathcolor.ltx)
Package xcolor Info: Model `cmy' substituted by `cmy0' on input line 1350.
Package xcolor Info: Model `RGB' extended on input line 1366.
Package xcolor Info: Model `HTML' substituted by `rgb' on input line 1368.
Package xcolor Info: Model `Hsb' substituted by `hsb' on input line 1369.
Package xcolor Info: Model `tHsb' substituted by `hsb' on input line 1370.
Package xcolor Info: Model `HSB' substituted by `hsb' on input line 1371.
Package xcolor Info: Model `Gray' substituted by `gray' on input line 1372.
Package xcolor Info: Model `wave' substituted by `hsb' on input line 1373.
)
(/usr/local/texlive/2024/texmf-dist/tex/generic/pgf/basiclayer/pgfcore.code.tex
Package: pgfcore 2023-01-15 v3.1.10 (3.1.10)
(/usr/local/texlive/2024/texmf-dist/tex/generic/pgf/math/pgfint.code.tex)
(/usr/local/texlive/2024/texmf-dist/tex/generic/pgf/basiclayer/pgfcorepoints.co
de.tex
File: pgfcorepoints.code.tex 2023-01-15 v3.1.10 (3.1.10)
\pgf@picminx=\dimen186
\pgf@picmaxx=\dimen187
\pgf@picminy=\dimen188
\pgf@picmaxy=\dimen189
\pgf@pathminx=\dimen190
\pgf@pathmaxx=\dimen191
\pgf@pathminy=\dimen192
\pgf@pathmaxy=\dimen193
\pgf@xx=\dimen194
\pgf@xy=\dimen195
\pgf@yx=\dimen196
\pgf@yy=\dimen197
\pgf@zx=\dimen198
\pgf@zy=\dimen199
)
(/usr/local/texlive/2024/texmf-dist/tex/generic/pgf/basiclayer/pgfcorepathconst
ruct.code.tex
File: pgfcorepathconstruct.code.tex 2023-01-15 v3.1.10 (3.1.10)
\pgf@path@lastx=\dimen256
\pgf@path@lasty=\dimen257
)
(/usr/local/texlive/2024/texmf-dist/tex/generic/pgf/basiclayer/pgfcorepathusage
.code.tex
File: pgfcorepathusage.code.tex 2023-01-15 v3.1.10 (3.1.10)
\pgf@shorten@end@additional=\dimen258
\pgf@shorten@start@additional=\dimen259
)
(/usr/local/texlive/2024/texmf-dist/tex/generic/pgf/basiclayer/pgfcorescopes.co
de.tex
File: pgfcorescopes.code.tex 2023-01-15 v3.1.10 (3.1.10)
\pgfpic=\box62
\pgf@hbox=\box63
\pgf@layerbox@main=\box64
\pgf@picture@serial@count=\count295
)
(/usr/local/texlive/2024/texmf-dist/tex/generic/pgf/basiclayer/pgfcoregraphicst
ate.code.tex
File: pgfcoregraphicstate.code.tex 2023-01-15 v3.1.10 (3.1.10)
\pgflinewidth=\dimen260
)
(/usr/local/texlive/2024/texmf-dist/tex/generic/pgf/basiclayer/pgfcoretransform
ations.code.tex
File: pgfcoretransformations.code.tex 2023-01-15 v3.1.10 (3.1.10)
\pgf@pt@x=\dimen261
\pgf@pt@y=\dimen262
\pgf@pt@temp=\dimen263
)
(/usr/local/texlive/2024/texmf-dist/tex/generic/pgf/basiclayer/pgfcorequick.cod
e.tex
File: pgfcorequick.code.tex 2023-01-15 v3.1.10 (3.1.10)
)
(/usr/local/texlive/2024/texmf-dist/tex/generic/pgf/basiclayer/pgfcoreobjects.c
ode.tex
File: pgfcoreobjects.code.tex 2023-01-15 v3.1.10 (3.1.10)
)
(/usr/local/texlive/2024/texmf-dist/tex/generic/pgf/basiclayer/pgfcorepathproce
ssing.code.tex
File: pgfcorepathprocessing.code.tex 2023-01-15 v3.1.10 (3.1.10)
)
(/usr/local/texlive/2024/texmf-dist/tex/generic/pgf/basiclayer/pgfcorearrows.co
de.tex
File: pgfcorearrows.code.tex 2023-01-15 v3.1.10 (3.1.10)
\pgfarrowsep=\dimen264
)
(/usr/local/texlive/2024/texmf-dist/tex/generic/pgf/basiclayer/pgfcoreshade.cod
e.tex
File: pgfcoreshade.code.tex 2023-01-15 v3.1.10 (3.1.10)
\pgf@max=\dimen265
\pgf@sys@shading@range@num=\count296
\pgf@shadingcount=\count297
)
(/usr/local/texlive/2024/texmf-dist/tex/generic/pgf/basiclayer/pgfcoreimage.cod
e.tex
File: pgfcoreimage.code.tex 2023-01-15 v3.1.10 (3.1.10)
)
(/usr/local/texlive/2024/texmf-dist/tex/generic/pgf/basiclayer/pgfcoreexternal.
code.tex
File: pgfcoreexternal.code.tex 2023-01-15 v3.1.10 (3.1.10)
\pgfexternal@startupbox=\box65
)
(/usr/local/texlive/2024/texmf-dist/tex/generic/pgf/basiclayer/pgfcorelayers.co
de.tex
File: pgfcorelayers.code.tex 2023-01-15 v3.1.10 (3.1.10)
)
(/usr/local/texlive/2024/texmf-dist/tex/generic/pgf/basiclayer/pgfcoretranspare
ncy.code.tex
File: pgfcoretransparency.code.tex 2023-01-15 v3.1.10 (3.1.10)
)
(/usr/local/texlive/2024/texmf-dist/tex/generic/pgf/basiclayer/pgfcorepatterns.
code.tex
File: pgfcorepatterns.code.tex 2023-01-15 v3.1.10 (3.1.10)
)
(/usr/local/texlive/2024/texmf-dist/tex/generic/pgf/basiclayer/pgfcorerdf.code.
tex
File: pgfcorerdf.code.tex 2023-01-15 v3.1.10 (3.1.10)
))) (/usr/local/texlive/2024/texmf-dist/tex/latex/pgf/utilities/xxcolor.sty
Package: xxcolor 2003/10/24 ver 0.1


LaTeX Warning: Package "xcolor" has already been loaded: ignoring load-time
(LaTeX)        option "xetex".

\XC@nummixins=\count298
\XC@countmixins=\count299
) (/usr/local/texlive/2024/texmf-dist/tex/latex/base/atbegshi-ltx.sty
Package: atbegshi-ltx 2021/01/10 v1.0c Emulation of the original atbegshi
package with kernel methods
)
(/usr/local/texlive/2024/texmf-dist/tex/latex/hyperref/hyperref.sty
Package: hyperref 2024-01-20 v7.01h Hypertext links for LaTeX

(/usr/local/texlive/2024/texmf-dist/tex/latex/kvsetkeys/kvsetkeys.sty
Package: kvsetkeys 2022-10-05 v1.19 Key value parser (HO)
)
(/usr/local/texlive/2024/texmf-dist/tex/generic/kvdefinekeys/kvdefinekeys.sty
Package: kvdefinekeys 2019-12-19 v1.6 Define keys (HO)
)
(/usr/local/texlive/2024/texmf-dist/tex/generic/pdfescape/pdfescape.sty
Package: pdfescape 2019/12/09 v1.15 Implements pdfTeX's escape features (HO)

(/usr/local/texlive/2024/texmf-dist/tex/generic/ltxcmds/ltxcmds.sty
Package: ltxcmds 2023-12-04 v1.26 LaTeX kernel commands for general use (HO)
)
(/usr/local/texlive/2024/texmf-dist/tex/generic/pdftexcmds/pdftexcmds.sty
Package: pdftexcmds 2020-06-27 v0.33 Utility functions of pdfTeX for LuaTeX (HO
)

(/usr/local/texlive/2024/texmf-dist/tex/generic/infwarerr/infwarerr.sty
Package: infwarerr 2019/12/03 v1.5 Providing info/warning/error messages (HO)
)
Package pdftexcmds Info: \pdf@primitive is available.
Package pdftexcmds Info: \pdf@ifprimitive is available.
Package pdftexcmds Info: \pdfdraftmode found.
\pdftexcmds@toks=\toks29
))
(/usr/local/texlive/2024/texmf-dist/tex/latex/hycolor/hycolor.sty
Package: hycolor 2020-01-27 v1.10 Color options for hyperref/bookmark (HO)
)
(/usr/local/texlive/2024/texmf-dist/tex/latex/auxhook/auxhook.sty
Package: auxhook 2019-12-17 v1.6 Hooks for auxiliary files (HO)
)
(/usr/local/texlive/2024/texmf-dist/tex/latex/hyperref/nameref.sty
Package: nameref 2023-11-26 v2.56 Cross-referencing by name of section

(/usr/local/texlive/2024/texmf-dist/tex/latex/refcount/refcount.sty
Package: refcount 2019/12/15 v3.6 Data extraction from label references (HO)
)
(/usr/local/texlive/2024/texmf-dist/tex/generic/gettitlestring/gettitlestring.s
ty
Package: gettitlestring 2019/12/15 v1.6 Cleanup title references (HO)
 (/usr/local/texlive/2024/texmf-dist/tex/latex/kvoptions/kvoptions.sty
Package: kvoptions 2022-06-15 v3.15 Key value format for package options (HO)
))
\c@section@level=\count300
)
\@linkdim=\dimen266
\Hy@linkcounter=\count301
\Hy@pagecounter=\count302

(/usr/local/texlive/2024/texmf-dist/tex/latex/hyperref/pd1enc.def
File: pd1enc.def 2024-01-20 v7.01h Hyperref: PDFDocEncoding definition (HO)
)
(/usr/local/texlive/2024/texmf-dist/tex/generic/intcalc/intcalc.sty
Package: intcalc 2019/12/15 v1.3 Expandable calculations with integers (HO)
)
\Hy@SavedSpaceFactor=\count303

(/usr/local/texlive/2024/texmf-dist/tex/latex/hyperref/puenc.def
File: puenc.def 2024-01-20 v7.01h Hyperref: PDF Unicode definition (HO)
)

! Package hyperref Error: Wrong driver option `xetex',
(hyperref)                because XeTeX is not detected.

See the hyperref package documentation for explanation.
Type  H <return>  for immediate help.
 ...                                              
                                                  
l.4062 \ProcessKeyvalOptions{Hyp}
                               
Try typing  <return>  to proceed.
If that doesn't work, type  X <return>  to quit.

Package hyperref Info: Option `bookmarks' set `true' on input line 4062.
Package hyperref Info: Option `bookmarksopen' set `true' on input line 4062.
Package hyperref Info: Option `implicit' set `false' on input line 4062.
Package hyperref Info: Hyper figures OFF on input line 4179.
Package hyperref Info: Link nesting OFF on input line 4184.
Package hyperref Info: Hyper index ON on input line 4187.
Package hyperref Info: Plain pages OFF on input line 4194.
Package hyperref Info: Backreferencing OFF on input line 4199.
Package hyperref Info: Implicit mode OFF; no redefinition of LaTeX internals.
Package hyperref Info: Bookmarks ON on input line 4446.
\c@Hy@tempcnt=\count304
(/usr/local/texlive/2024/texmf-dist/tex/latex/url/url.sty
\Urlmuskip=\muskip16
Package: url 2013/09/16  ver 3.4  Verb mode for urls, etc.
)
LaTeX Info: Redefining \url on input line 4784.
\XeTeXLinkMargin=\dimen267

(/usr/local/texlive/2024/texmf-dist/tex/generic/bitset/bitset.sty
Package: bitset 2019/12/09 v1.3 Handle bit-vector datatype (HO)

(/usr/local/texlive/2024/texmf-dist/tex/generic/bigintcalc/bigintcalc.sty
Package: bigintcalc 2019/12/15 v1.5 Expandable calculations on big integers (HO
)
))
\Fld@menulength=\count305
\Field@Width=\dimen268
\Fld@charsize=\dimen269
Package hyperref Info: Hyper figures OFF on input line 6063.
Package hyperref Info: Link nesting OFF on input line 6068.
Package hyperref Info: Hyper index ON on input line 6071.
Package hyperref Info: backreferencing OFF on input line 6078.
Package hyperref Info: Link coloring OFF on input line 6083.
Package hyperref Info: Link coloring with OCG OFF on input line 6088.
Package hyperref Info: PDF/A mode OFF on input line 6093.
\Hy@abspage=\count306


Package hyperref Message: Stopped early.

)
Package hyperref Info: Driver (autodetected): hluatex.
 (/usr/local/texlive/2024/texmf-dist/tex/latex/hyperref/hluatex.def
File: hluatex.def 2024-01-20 v7.01h Hyperref driver for luaTeX

(/usr/local/texlive/2024/texmf-dist/tex/generic/stringenc/stringenc.sty
Package: stringenc 2019/11/29 v1.12 Convert strings between diff. encodings (HO
)
)
(/usr/local/texlive/2024/texmf-dist/tex/latex/base/atveryend-ltx.sty
Package: atveryend-ltx 2020/08/19 v1.0a Emulation of the original atveryend pac
kage
with kernel methods
)
\Fld@listcount=\count307
\c@bookmark@seq@number=\count308

(/usr/local/texlive/2024/texmf-dist/tex/latex/rerunfilecheck/rerunfilecheck.sty
Package: rerunfilecheck 2022-07-10 v1.10 Rerun checks for auxiliary files (HO)

(/usr/local/texlive/2024/texmf-dist/tex/generic/uniquecounter/uniquecounter.sty
Package: uniquecounter 2019/12/15 v1.4 Provide unlimited unique counter (HO)
)
Package uniquecounter Info: New unique counter `rerunfilecheck' on input line 2
85.
)) (/usr/local/texlive/2024/texmf-dist/tex/latex/beamer/beamerbaserequires.sty
(/usr/local/texlive/2024/texmf-dist/tex/latex/beamer/beamerbasecompatibility.st
y) (/usr/local/texlive/2024/texmf-dist/tex/latex/beamer/beamerbasefont.sty
(/usr/local/texlive/2024/texmf-dist/tex/latex/amsfonts/amssymb.sty
Package: amssymb 2013/01/14 v3.01 AMS font symbols

(/usr/local/texlive/2024/texmf-dist/tex/latex/amsfonts/amsfonts.sty
Package: amsfonts 2013/01/14 v3.01 Basic AMSFonts support
\@emptytoks=\toks30
\symAMSa=\mathgroup4
\symAMSb=\mathgroup5
LaTeX Font Info:    Redeclaring math symbol \hbar on input line 98.
LaTeX Font Info:    Overwriting math alphabet `\mathfrak' in version `bold'
(Font)                  U/euf/m/n --> U/euf/b/n on input line 106.
)))
(/usr/local/texlive/2024/texmf-dist/tex/latex/beamer/beamerbasetranslator.sty
(/usr/local/texlive/2024/texmf-dist/tex/latex/translator/translator.sty
Package: translator 2021-05-31 v1.12d Easy translation of strings in LaTeX
))
(/usr/local/texlive/2024/texmf-dist/tex/latex/beamer/beamerbasemisc.sty)
(/usr/local/texlive/2024/texmf-dist/tex/latex/beamer/beamerbasetwoscreens.sty)
(/usr/local/texlive/2024/texmf-dist/tex/latex/beamer/beamerbaseoverlay.sty
\beamer@argscount=\count309
\beamer@lastskipcover=\skip51
\beamer@trivlistdepth=\count310
)
(/usr/local/texlive/2024/texmf-dist/tex/latex/beamer/beamerbasetitle.sty)
(/usr/local/texlive/2024/texmf-dist/tex/latex/beamer/beamerbasesection.sty
\c@lecture=\count311
\c@part=\count312
\c@section=\count313
\c@subsection=\count314
\c@subsubsection=\count315
)
(/usr/local/texlive/2024/texmf-dist/tex/latex/beamer/beamerbaseframe.sty
\beamer@framebox=\box66
\beamer@frametitlebox=\box67
\beamer@zoombox=\box68
\beamer@zoomcount=\count316
\beamer@zoomframecount=\count317
\beamer@frametextheight=\dimen270
\c@subsectionslide=\count318
\beamer@frametopskip=\skip52
\beamer@framebottomskip=\skip53
\beamer@frametopskipautobreak=\skip54
\beamer@framebottomskipautobreak=\skip55
\beamer@envbody=\toks31
\framewidth=\dimen271
\c@framenumber=\count319
)
(/usr/local/texlive/2024/texmf-dist/tex/latex/beamer/beamerbaseverbatim.sty
\beamer@verbatimfileout=\write4
)
(/usr/local/texlive/2024/texmf-dist/tex/latex/beamer/beamerbaseframesize.sty
\beamer@splitbox=\box69
\beamer@autobreakcount=\count320
\beamer@autobreaklastheight=\dimen272
\beamer@frametitletoks=\toks32
\beamer@framesubtitletoks=\toks33
)
(/usr/local/texlive/2024/texmf-dist/tex/latex/beamer/beamerbaseframecomponents.
sty
\beamer@footins=\box70
) (/usr/local/texlive/2024/texmf-dist/tex/latex/beamer/beamerbasecolor.sty)
(/usr/local/texlive/2024/texmf-dist/tex/latex/beamer/beamerbasenotes.sty
\beamer@frameboxcopy=\box71
)
(/usr/local/texlive/2024/texmf-dist/tex/latex/beamer/beamerbasetoc.sty)
(/usr/local/texlive/2024/texmf-dist/tex/latex/beamer/beamerbasetemplates.sty
\beamer@sbttoks=\toks34

(/usr/local/texlive/2024/texmf-dist/tex/latex/beamer/beamerbaseauxtemplates.sty
(/usr/local/texlive/2024/texmf-dist/tex/latex/beamer/beamerbaseboxes.sty
\bmb@box=\box72
\bmb@colorbox=\box73
\bmb@boxwidth=\dimen273
\bmb@boxheight=\dimen274
\bmb@prevheight=\dimen275
\bmb@temp=\dimen276
\bmb@dima=\dimen277
\bmb@dimb=\dimen278
\bmb@prevheight=\dimen279
)
\beamer@blockheadheight=\dimen280
))
(/usr/local/texlive/2024/texmf-dist/tex/latex/beamer/beamerbaselocalstructure.s
ty (/usr/local/texlive/2024/texmf-dist/tex/latex/tools/enumerate.sty
Package: enumerate 2023/07/04 v3.00 enumerate extensions (DPC)
\@enLab=\toks35
)
\beamer@bibiconwidth=\skip56
\c@figure=\count321
\c@table=\count322
\abovecaptionskip=\skip57
\belowcaptionskip=\skip58
)
(/usr/local/texlive/2024/texmf-dist/tex/latex/beamer/beamerbasenavigation.sty
(/usr/local/texlive/2024/texmf-dist/tex/latex/beamer/beamerbasenavigationsymbol
s.tex)
\beamer@section@min@dim=\dimen281
)
(/usr/local/texlive/2024/texmf-dist/tex/latex/beamer/beamerbasetheorems.sty
(/usr/local/texlive/2024/texmf-dist/tex/latex/amsmath/amsmath.sty
Package: amsmath 2023/05/13 v2.17o AMS math features
\@mathmargin=\skip59

For additional information on amsmath, use the `?' option.
(/usr/local/texlive/2024/texmf-dist/tex/latex/amsmath/amstext.sty
Package: amstext 2021/08/26 v2.01 AMS text

(/usr/local/texlive/2024/texmf-dist/tex/latex/amsmath/amsgen.sty
File: amsgen.sty 1999/11/30 v2.0 generic functions
\@emptytoks=\toks36
\ex@=\dimen282
))
(/usr/local/texlive/2024/texmf-dist/tex/latex/amsmath/amsbsy.sty
Package: amsbsy 1999/11/29 v1.2d Bold Symbols
\pmbraise@=\dimen283
)
(/usr/local/texlive/2024/texmf-dist/tex/latex/amsmath/amsopn.sty
Package: amsopn 2022/04/08 v2.04 operator names
)
\inf@bad=\count323
LaTeX Info: Redefining \frac on input line 236.
\uproot@=\count324
\leftroot@=\count325
LaTeX Info: Redefining \overline on input line 399.
LaTeX Info: Redefining \colon on input line 410.
\classnum@=\count326
\DOTSCASE@=\count327
LaTeX Info: Redefining \ldots on input line 496.
LaTeX Info: Redefining \dots on input line 499.
LaTeX Info: Redefining \cdots on input line 620.
\Mathstrutbox@=\box74
\strutbox@=\box75
LaTeX Info: Redefining \big on input line 722.
LaTeX Info: Redefining \Big on input line 723.
LaTeX Info: Redefining \bigg on input line 724.
LaTeX Info: Redefining \Bigg on input line 725.
\big@size=\dimen284
LaTeX Font Info:    Redeclaring font encoding OML on input line 743.
LaTeX Font Info:    Redeclaring font encoding OMS on input line 744.
\macc@depth=\count328
LaTeX Info: Redefining \bmod on input line 905.
LaTeX Info: Redefining \pmod on input line 910.
LaTeX Info: Redefining \smash on input line 940.
LaTeX Info: Redefining \relbar on input line 970.
LaTeX Info: Redefining \Relbar on input line 971.
\c@MaxMatrixCols=\count329
\dotsspace@=\muskip17
\c@parentequation=\count330
\dspbrk@lvl=\count331
\tag@help=\toks37
\row@=\count332
\column@=\count333
\maxfields@=\count334
\andhelp@=\toks38
\eqnshift@=\dimen285
\alignsep@=\dimen286
\tagshift@=\dimen287
\tagwidth@=\dimen288
\totwidth@=\dimen289
\lineht@=\dimen290
\@envbody=\toks39
\multlinegap=\skip60
\multlinetaggap=\skip61
\mathdisplay@stack=\toks40
LaTeX Info: Redefining \[ on input line 2953.
LaTeX Info: Redefining \] on input line 2954.
)
(/usr/local/texlive/2024/texmf-dist/tex/latex/amscls/amsthm.sty
Package: amsthm 2020/05/29 v2.20.6
\thm@style=\toks41
\thm@bodyfont=\toks42
\thm@headfont=\toks43
\thm@notefont=\toks44
\thm@headpunct=\toks45
\thm@preskip=\skip62
\thm@postskip=\skip63
\thm@headsep=\skip64
\dth@everypar=\toks46
)
\c@theorem=\count335
)
(/usr/local/texlive/2024/texmf-dist/tex/latex/beamer/beamerbasethemes.sty))
(/usr/local/texlive/2024/texmf-dist/tex/latex/beamer/beamerthemedefault.sty
(/usr/local/texlive/2024/texmf-dist/tex/latex/beamer/beamerfontthemedefault.sty
)
(/usr/local/texlive/2024/texmf-dist/tex/latex/beamer/beamercolorthemedefault.st
y)
(/usr/local/texlive/2024/texmf-dist/tex/latex/beamer/beamerinnerthemedefault.st
y
\beamer@dima=\dimen291
\beamer@dimb=\dimen292
)
(/usr/local/texlive/2024/texmf-dist/tex/latex/beamer/beamerouterthemedefault.st
y))) (/usr/local/texlive/2024/texmf-dist/tex/xelatex/xunicode/xunicode.sty
File: xunicode.sty 2011/09/09 v0.981 provides access to latin accents and many 
other characters in Unicode lower plane


! LaTeX Error: *** this package currently works only with XeTeX ***
 You are not using XeTeX, so we are exiting cleanly!
 Continuing may lead to 'unavailable font metrics' errors!
.

See the LaTeX manual or LaTeX Companion for explanation.
Type  H <return>  for immediate help.
 ...                                              
                                                  
l.113 ...dcsname\relax\expandafter\notXeTeXformat\fi
                                                  
Try typing  <return>  to proceed.
If that doesn't work, type  X <return>  to quit.

) (/usr/local/texlive/2024/texmf-dist/tex/xelatex/xltxtra/xltxtra.sty
Package: xltxtra 2018/12/31 v0.7 Improvements for the "XeLaTeX" format

(/usr/local/texlive/2024/texmf-dist/tex/generic/iftex/ifluatex.sty
Package: ifluatex 2019/10/25 v1.5 ifluatex legacy package. Use iftex instead.
)

Package xltxtra Warning: 
 XLTXTRA IS TO BE USED ONLY UNDER XETEX. LOAD FONTSPEC DIRECTLY, INSTEAD.
 ABORTING LOADING.

(/usr/local/texlive/2024/texmf-dist/tex/latex/fontspec/fontspec.sty
(/usr/local/texlive/2024/texmf-dist/tex/latex/l3packages/xparse/xparse.sty
(/usr/local/texlive/2024/texmf-dist/tex/latex/l3kernel/expl3.sty
Package: expl3 2024-02-20 L3 programming layer (loader) 


! LaTeX Error: Backend request inconsistent with engine: using 'luatex'
(LaTeX)        backend.

For immediate help type H <return>.
 ...                                              
                                                  
l.154   { \sys_load_backend:n { } }
                                 

You have requested backend 'xdvipdfmx', but this is not suitable for use with
the active engine. LaTeX will use the 'luatex' backend instead.


(/usr/local/texlive/2024/texmf-dist/tex/latex/l3backend/l3backend-luatex.def
File: l3backend-luatex.def 2024-02-20 L3 backend support: PDF output (LuaTeX)
\l__color_backend_stack_int=\count336
Inserting `l3color' in `luaotfload.parse_color'.
\l__pdf_internal_box=\box76
))
Package: xparse 2024-02-18 L3 Experimental document command parser
)
Package: fontspec 2024/02/13 v2.9a Font selection for XeLaTeX and LuaLaTeX
Lua module: fontspec 2024/02/13 2.9a Font selection for XeLaTeX and LuaLaTeX (/
usr/local/texlive/2024/texmf-dist/tex/latex/fontspec/fontspec-luatex.sty
Package: fontspec-luatex 2024/02/13 v2.9a Font selection for XeLaTeX and LuaLaT
eX
\l__fontspec_script_int=\count337
\l__fontspec_language_int=\count338
\l__fontspec_strnum_int=\count339
\l__fontspec_tmp_int=\count340
\l__fontspec_tmpa_int=\count341
\l__fontspec_tmpb_int=\count342
\l__fontspec_tmpc_int=\count343
\l__fontspec_em_int=\count344
\l__fontspec_emdef_int=\count345
\l__fontspec_strong_int=\count346
\l__fontspec_strongdef_int=\count347
\l__fontspec_tmpa_dim=\dimen293
\l__fontspec_tmpb_dim=\dimen294
\l__fontspec_tmpc_dim=\dimen295

(/usr/local/texlive/2024/texmf-dist/tex/latex/base/fontenc.sty
Package: fontenc 2021/04/29 v2.0v Standard LaTeX package
)
(/usr/local/texlive/2024/texmf-dist/tex/latex/fontspec/fontspec.cfg))))
(/usr/local/texlive/2024/texmf-dist/tex/latex/listings/listings.sty
\lst@mode=\count348
\lst@gtempboxa=\box77
\lst@token=\toks47
\lst@length=\count349
\lst@currlwidth=\dimen296
\lst@column=\count350
\lst@pos=\count351
\lst@lostspace=\dimen297
\lst@width=\dimen298
\lst@newlines=\count352
\lst@lineno=\count353
\lst@maxwidth=\dimen299

(/usr/local/texlive/2024/texmf-dist/tex/latex/listings/lstpatch.sty
File: lstpatch.sty 2024/02/21 1.10 (Carsten Heinz)
)
(/usr/local/texlive/2024/texmf-dist/tex/latex/listings/lstmisc.sty
File: lstmisc.sty 2024/02/21 1.10 (Carsten Heinz)
\c@lstnumber=\count354
\lst@skipnumbers=\count355
\lst@framebox=\box78
)
(/usr/local/texlive/2024/texmf-dist/tex/latex/listings/listings.cfg
File: listings.cfg 2024/02/21 1.10 listings configuration
))
Package: listings 2024/02/21 1.10 (Carsten Heinz)

(/usr/local/texlive/2024/texmf-dist/tex/latex/lastpage/lastpage.sty
Package: lastpage 2023/10/14 v2.0e lastpage: 2.09 or 2e? (HMM)

(/usr/local/texlive/2024/texmf-dist/tex/latex/lastpage/lastpage2e.sty
Package: lastpage2e 2023/10/14 v2.0e Decide which 2e lastpage version to use (H
MM)

(/usr/local/texlive/2024/texmf-dist/tex/latex/lastpage/lastpagemodern.sty
Package: lastpagemodern 2023-10-14 v2.0e Refers to last page's name (HMM; JPG)
\c@lastpagecount=\count356
) 
)) (/usr/local/texlive/2024/texmf-dist/tex/latex/fancyhdr/fancyhdr.sty
Package: fancyhdr 2022/11/09 v4.1 Extensive control of page headers and footers

\f@nch@headwidth=\skip65
\f@nch@O@elh=\skip66
\f@nch@O@erh=\skip67
\f@nch@O@olh=\skip68
\f@nch@O@orh=\skip69
\f@nch@O@elf=\skip70
\f@nch@O@erf=\skip71
\f@nch@O@olf=\skip72
\f@nch@O@orf=\skip73
)
(/usr/local/texlive/2024/texmf-dist/tex/latex/blkarray/blkarray.sty
Package: blkarray 2015/02/27 v0.07 Block array (dpc)
\c@BAenumi=\count357
\BA@col=\count358
\BA@block@cnt=\count359
\BA@final@box=\box79
\BA@first@box=\box80
\BA@colsep=\dimen300
\BA@ftn=\toks48
\BAextrarowheight=\dimen301
\BAextraheightafterhline=\dimen302
\BAarrayrulewidth=\dimen303
\BAdoublerulesep=\dimen304
\BAfootskip=\dimen305
\BA@dashbox=\box81
\BA@ddashbox=\box82
)
(/usr/local/texlive/2024/texmf-dist/tex/latex/tools/multicol.sty
Package: multicol 2023/03/30 v1.9f multicolumn formatting (FMi)
\c@tracingmulticols=\count360
\mult@box=\box83
\multicol@leftmargin=\dimen306
\c@unbalance=\count361
\c@collectmore=\count362
\doublecol@number=\count363
\multicoltolerance=\count364
\multicolpretolerance=\count365
\full@width=\dimen307
\page@free=\dimen308
\premulticols=\dimen309
\postmulticols=\dimen310
\multicolsep=\skip74
\multicolbaselineskip=\skip75
\partial@page=\box84
\last@line=\box85
\mc@boxedresult=\box86
\maxbalancingoverflow=\dimen311
\mult@rightbox=\box87
\mult@grightbox=\box88
\mult@firstbox=\box89
\mult@gfirstbox=\box90
\@tempa=\box91
\@tempa=\box92
\@tempa=\box93
\@tempa=\box94
\@tempa=\box95
\@tempa=\box96
\@tempa=\box97
\@tempa=\box98
\@tempa=\box99
\@tempa=\box100
\@tempa=\box101
\@tempa=\box102
\@tempa=\box103
\@tempa=\box104
\@tempa=\box105
\@tempa=\box106
\@tempa=\box107
\@tempa=\box108
\@tempa=\box109
\@tempa=\box110
\@tempa=\box111
\@tempa=\box112
\@tempa=\box113
\@tempa=\box114
\@tempa=\box115
\@tempa=\box116
\@tempa=\box117
\@tempa=\box118
\@tempa=\box119
\@tempa=\box120
\@tempa=\box121
\@tempa=\box122
\@tempa=\box123
\@tempa=\box124
\@tempa=\box125
\@tempa=\box126
\c@minrows=\count366
\c@columnbadness=\count367
\c@finalcolumnbadness=\count368
\last@try=\dimen312
\multicolovershoot=\dimen313
\multicolundershoot=\dimen314
\mult@nat@firstbox=\box127
\colbreak@box=\box128
\mc@col@check@num=\count369
)
(/usr/local/texlive/2024/texmf-dist/tex/latex/relsize/relsize.sty
Package: relsize 2013/03/29 ver 4.1
)
Package hyperref Info: Option `unicode' set `true' on input line 82.
Package hyperref Info: Option `unicode' set `true' on input line 82.


Package fontspec Warning: Input mapping not supported in LuaTeX.
(fontspec)                 Use "Ligatures=TeX" instead of "Mapping=tex-text".


Package fontspec Info: Font family 'LinLibertine_R.otf(0)' created for font
(fontspec)             'LinLibertine_R.otf' with options
(fontspec)             [Mapping=tex-text,Ligatures=TeX,Ligatures={Common},Numbe
rs={OldStyle},Variant=01,BoldFont={LinLibertine_RB.otf},ItalicFont={LinLibertin
e_RI.otf},BoldItalicFont={LinLibertine_RBI.otf}].
(fontspec)              
(fontspec)              This font family consists of the following NFSS
(fontspec)             series/shapes:
(fontspec)              
(fontspec)             - 'normal' (m/n) with NFSS spec.:
(fontspec)             <->"[LinLibertine_R.otf]:mode=node;script=latn;language=
dflt;+tlig;+liga;+onum;+ss01;"
(fontspec)             - 'small caps'  (m/sc) with NFSS spec.:
(fontspec)             <->"[LinLibertine_R.otf]:mode=node;script=latn;language=
dflt;+tlig;+liga;+onum;+ss01;+smcp;"
(fontspec)             - 'bold' (b/n) with NFSS spec.:
(fontspec)             <->"[LinLibertine_RB.otf]:mode=node;script=latn;language
=dflt;+tlig;+liga;+onum;+ss01;"
(fontspec)             - 'bold small caps'  (b/sc) with NFSS spec.:
(fontspec)             <->"[LinLibertine_RB.otf]:mode=node;script=latn;language
=dflt;+tlig;+liga;+onum;+ss01;+smcp;"
(fontspec)             - 'italic' (m/it) with NFSS spec.:
(fontspec)             <->"[LinLibertine_RI.otf]:mode=node;script=latn;language
=dflt;+tlig;+liga;+onum;+ss01;"
(fontspec)             - 'italic small caps'  (m/scit) with NFSS spec.:
(fontspec)             <->"[LinLibertine_RI.otf]:mode=node;script=latn;language
=dflt;+tlig;+liga;+onum;+ss01;+smcp;"
(fontspec)             - 'bold italic' (b/it) with NFSS spec.:
(fontspec)             <->"[LinLibertine_RBI.otf]:mode=node;script=latn;languag
e=dflt;+tlig;+liga;+onum;+ss01;"
(fontspec)             - 'bold italic small caps'  (b/scit) with NFSS spec.:
(fontspec)             <->"[LinLibertine_RBI.otf]:mode=node;script=latn;languag
e=dflt;+tlig;+liga;+onum;+ss01;+smcp;"

) (./sty/personalmacros.sty

LaTeX Warning: You have requested package `sty/personalmacros',
               but the package provides `personalmacros'.

Package: personalmacros 
) (./sty/personalslides.sty

LaTeX Warning: You have requested package `sty/personalslides',
               but the package provides `personalslides'.

Package: personalslides 
) (/usr/local/texlive/2024/texmf-dist/tex/latex/psnfss/pifont.sty
Package: pifont 2020/03/25 PSNFSS-v9.3 Pi font support (SPQR) 
LaTeX Font Info:    Trying to load font information for U+pzd on input line 63.


(/usr/local/texlive/2024/texmf-dist/tex/latex/psnfss/upzd.fd
File: upzd.fd 2001/06/04 font definitions for U/pzd.
)
LaTeX Font Info:    Trying to load font information for U+psy on input line 64.


(/usr/local/texlive/2024/texmf-dist/tex/latex/psnfss/upsy.fd
File: upsy.fd 2001/06/04 font definitions for U/psy.
))
(/usr/local/texlive/2024/texmf-dist/tex/latex/caption/caption.sty
Package: caption 2023/08/05 v3.6o Customizing captions (AR)

(/usr/local/texlive/2024/texmf-dist/tex/latex/caption/caption3.sty
Package: caption3 2023/07/31 v2.4d caption3 kernel (AR)
\caption@tempdima=\dimen315
\captionmargin=\dimen316
\caption@leftmargin=\dimen317
\caption@rightmargin=\dimen318
\caption@width=\dimen319
\caption@indent=\dimen320
\caption@parindent=\dimen321
\caption@hangindent=\dimen322
Package caption Info: beamer document class detected.

(/usr/local/texlive/2024/texmf-dist/tex/latex/caption/caption-beamer.sto
File: caption-beamer.sto 2022/01/06 v2.0c Adaption of the caption package to th
e beamer document classes (AR)
))
\c@caption@flags=\count370
\c@continuedfloat=\count371
Package caption Info: hyperref package is loaded.
Package caption Info: Hyperref support is turned off
(caption)             because hyperref has stopped early.
Package caption Info: listings package is loaded.
)
(/usr/local/texlive/2024/texmf-dist/tex/latex/caption/subcaption.sty
Package: subcaption 2023/07/28 v1.6b Sub-captions (AR)
Package caption Info: New subtype `subfigure' on input line 238.
\c@subfigure=\count372
Package caption Info: New subtype `subtable' on input line 238.
\c@subtable=\count373
)
(/usr/local/texlive/2024/texmf-dist/tex/latex/booktabs/booktabs.sty
Package: booktabs 2020/01/12 v1.61803398 Publication quality tables
\heavyrulewidth=\dimen323
\lightrulewidth=\dimen324
\cmidrulewidth=\dimen325
\belowrulesep=\dimen326
\belowbottomsep=\dimen327
\aboverulesep=\dimen328
\abovetopsep=\dimen329
\cmidrulesep=\dimen330
\cmidrulekern=\dimen331
\defaultaddspace=\dimen332
\@cmidla=\count374
\@cmidlb=\count375
\@aboverulesep=\dimen333
\@belowrulesep=\dimen334
\@thisruleclass=\count376
\@lastruleclass=\count377
\@thisrulewidth=\dimen335
)
(/usr/local/texlive/2024/texmf-dist/tex/latex/bbm-macros/bbm.sty
Package: bbm 1999/03/15 V 1.2 provides fonts for set symbols - TH
LaTeX Font Info:    Overwriting math alphabet `\mathbbm' in version `bold'
(Font)                  U/bbm/m/n --> U/bbm/bx/n on input line 33.
LaTeX Font Info:    Overwriting math alphabet `\mathbbmss' in version `bold'
(Font)                  U/bbmss/m/n --> U/bbmss/bx/n on input line 35.
)
(/usr/local/texlive/2024/texmf-dist/tex/generic/babel/babel.sty
Package: babel 2024/02/07 v24.2 The Babel package

(/usr/local/texlive/2024/texmf-dist/tex/generic/babel/luababel.def
\bbl@readstream=\read3
\l@dumylang=\language2
Package babel Info: Non-standard hyphenation setup on input line 118.
\l@nohyphenation=\language3
\l@vietnamese=\language4
\l@hebrew=\language5
\l@german-x-2024-02-28=\language6
\l@ngerman-x-2024-02-28=\language7
\l@afrikaans=\language8
\l@ancientgreek=\language9
\l@ibycus=\language10
\l@arabic=\language11
\l@armenian=\language12
\l@basque=\language13
\l@belarusian=\language14
\l@bulgarian=\language15
\l@catalan=\language16
\l@pinyin=\language17
\l@churchslavonic=\language18
\l@coptic=\language19
\l@croatian=\language20
\l@czech=\language21
\l@danish=\language22
\l@dutch=\language23
\l@ukenglish=\language24
\l@usenglishmax=\language25
\l@esperanto=\language26
\l@estonian=\language27
\l@ethiopic=\language28
\l@farsi=\language29
\l@finnish=\language30
\l@schoolfinnish=\language31
\l@french=\language32
\l@friulan=\language33
\l@galician=\language34
\l@georgian=\language35
\l@german=\language36
\l@ngerman=\language37
\l@swissgerman=\language38
\l@greek=\language39
\l@monogreek=\language40
\l@hungarian=\language41
\l@icelandic=\language42
\l@assamese=\language43
\l@bengali=\language44
\l@gujarati=\language45
\l@hindi=\language46
\l@kannada=\language47
\l@malayalam=\language48
\l@marathi=\language49
\l@oriya=\language50
\l@pali=\language51
\l@panjabi=\language52
\l@tamil=\language53
\l@telugu=\language54
\l@indonesian=\language55
\l@interlingua=\language56
\l@irish=\language57
\l@italian=\language58
\l@kurmanji=\language59
\l@classiclatin=\language60
\l@latin=\language61
\l@liturgicallatin=\language62
\l@latvian=\language63
\l@lithuanian=\language64
\l@macedonian=\language65
\l@mongolian=\language66
\l@mongolianlmc=\language67
\l@bokmal=\language68
\l@nynorsk=\language69
\l@occitan=\language70
\l@piedmontese=\language71
\l@polish=\language72
\l@portuguese=\language73
\l@romanian=\language74
\l@romansh=\language75
\l@russian=\language76
\l@sanskrit=\language77
\l@serbian=\language78
\l@serbianc=\language79
\l@slovak=\language80
\l@slovenian=\language81
\l@spanish=\language82
\l@swedish=\language83
\l@thai=\language84
\l@turkish=\language85
\l@turkmen=\language86
\l@ukrainian=\language87
\l@uppersorbian=\language88
\l@welsh=\language89
\babelcatcodetablenum=\catcodetable14
\bbl@pattcodes=\catcodetable15
)
\babel@savecnt=\count378
\U@D=\dimen336
\l@unhyphenated=\language90

(/usr/local/texlive/2024/texmf-dist/tex/generic/babel/luababel.def
\bbl@attr@locale=\attribute4
)
LaTeX Info: Redefining \textlatin on input line 3919.

(/usr/local/texlive/2024/texmf-dist/tex/generic/babel-spanish/spanish.ldf
Language: spanish.ldf 2021/05/27 v5.0q Spanish support from the babel system
\es@quottoks=\toks49
\es@quotdepth=\count379
Package babel Info: Making " an active character on input line 570.
Package babel Info: Making . an active character on input line 675.
Package babel Info: Making < an active character on input line 722.
Package babel Info: Making > an active character on input line 722.

(/usr/local/texlive/2024/texmf-dist/tex/generic/hyph-utf8/loadhyph/loadhyph-es.
tex UTF-8 Spanish hyphenation patterns
(/usr/local/texlive/2024/texmf-dist/tex/generic/hyph-utf8/patterns/tex/hyph-es.
tex))))
(/usr/local/texlive/2024/texmf-dist/tex/generic/babel/locale/es/babel-spanish.t
ex
Package babel Info: Importing font and identification data for spanish
(babel)             from babel-es.ini. Reported on input line 11.
)
(/usr/local/texlive/2024/texmf-dist/tex/generic/stringenc/se-ascii-print.def
File: se-ascii-print.def 2019/11/29 v1.12 stringenc: Printable ASCII characters

)

Package hyperref Warning: Token not allowed in a PDF string (Unicode):
(hyperref)                removing `\color' on input line 33.


Package hyperref Warning: Token not allowed in a PDF string (Unicode):
(hyperref)                removing `\color' on input line 33.

(./slides_meat_30min_vpost.aux
LaTeX Info: Redefining \. on input line 11.
LaTeX Info: Redefining \% on input line 11.
)
\openout1 = slides_meat_30min_vpost.aux

LaTeX Font Info:    Checking defaults for OML/cmm/m/it on input line 33.
LaTeX Font Info:    ... okay on input line 33.
LaTeX Font Info:    Checking defaults for OMS/cmsy/m/n on input line 33.
LaTeX Font Info:    ... okay on input line 33.
LaTeX Font Info:    Checking defaults for OT1/cmr/m/n on input line 33.
LaTeX Font Info:    ... okay on input line 33.
LaTeX Font Info:    Checking defaults for T1/cmr/m/n on input line 33.
LaTeX Font Info:    ... okay on input line 33.
LaTeX Font Info:    Checking defaults for TS1/cmr/m/n on input line 33.
LaTeX Font Info:    Trying to load font information for TS1+cmr on input line 3
3.

(/usr/local/texlive/2024/texmf-dist/tex/latex/base/ts1cmr.fd
File: ts1cmr.fd 2023/04/13 v2.5m Standard LaTeX font definitions
)
LaTeX Font Info:    ... okay on input line 33.
LaTeX Font Info:    Checking defaults for TU/lmr/m/n on input line 33.
LaTeX Font Info:    ... okay on input line 33.
LaTeX Font Info:    Checking defaults for OMX/cmex/m/n on input line 33.
LaTeX Font Info:    ... okay on input line 33.
LaTeX Font Info:    Checking defaults for U/cmr/m/n on input line 33.
LaTeX Font Info:    ... okay on input line 33.
LaTeX Font Info:    Checking defaults for PD1/pdf/m/n on input line 33.
LaTeX Font Info:    ... okay on input line 33.
LaTeX Font Info:    Checking defaults for PU/pdf/m/n on input line 33.
LaTeX Font Info:    ... okay on input line 33.


Package geometry Warning: Wrong driver setting: `xetex'; trying `pdftex' driver
.

*geometry* detected driver: pdftex
*geometry* verbose mode - [ preamble ] result:
* driver: pdftex
* paper: custom
* layout: <same size as paper>
* layoutoffset:(h,v)=(0.0pt,0.0pt)
* modes: includehead includefoot 
* h-part:(L,W,R)=(28.45274pt, 307.28987pt, 28.45274pt)
* v-part:(T,H,B)=(0.0pt, 273.14662pt, 0.0pt)
* \paperwidth=364.19536pt
* \paperheight=273.14662pt
* \textwidth=307.28987pt
* \textheight=244.6939pt
* \oddsidemargin=-43.81725pt
* \evensidemargin=-43.81725pt
* \topmargin=-72.26999pt
* \headheight=14.22636pt
* \headsep=0.0pt
* \topskip=11.0pt
* \footskip=14.22636pt
* \marginparwidth=4.0pt
* \marginparsep=10.0pt
* \columnsep=10.0pt
* \skip\footins=10.0pt plus 4.0pt minus 2.0pt
* \hoffset=0.0pt
* \voffset=0.0pt
* \mag=1000
* \@twocolumnfalse
* \@twosidefalse
* \@mparswitchfalse
* \@reversemarginfalse
* (1in=72.27pt=25.4mm, 1cm=28.453pt)

! Undefined control sequence.
<argument> \pdfpagewidth 
              
l.33 \begin{document}
                   
The control sequence at the end of the top line
of your error message was never \def'ed. If you have
misspelled it (e.g., `\hobx'), type `I' and the correct
spelling (e.g., `I\hbox'). Otherwise just continue,
and I'll forget about whatever was undefined.

! Missing number, treated as zero.
<to be read again> 
\relax 
l.33 \begin{document}
                   
A number should have been here; I inserted `0'.
(If you can't figure out why I needed to see a number,
look up `weird error' in the index to The TeXbook.)

! Illegal unit of measure (pt inserted).
<to be read again> 
\relax 
l.33 \begin{document}
                   
Dimensions can be in units of em, ex, in, pt, pc,
cm, mm, dd, cc, nd, nc, bp, or sp; but yours is a new one!
I'll assume that you meant to say pt, for printer's points.
To recover gracefully from this error, it's best to
delete the erroneous units; e.g., type `2' to delete
two letters. (See Chapter 27 of The TeXbook.)

! Undefined control sequence.
<argument> \pdfpageheight 
               
l.33 \begin{document}
                   
The control sequence at the end of the top line
of your error message was never \def'ed. If you have
misspelled it (e.g., `\hobx'), type `I' and the correct
spelling (e.g., `I\hbox'). Otherwise just continue,
and I'll forget about whatever was undefined.

! Missing number, treated as zero.
<to be read again> 
\relax 
l.33 \begin{document}
                   
A number should have been here; I inserted `0'.
(If you can't figure out why I needed to see a number,
look up `weird error' in the index to The TeXbook.)

! Illegal unit of measure (pt inserted).
<to be read again> 
\relax 
l.33 \begin{document}
                   
Dimensions can be in units of em, ex, in, pt, pc,
cm, mm, dd, cc, nd, nc, bp, or sp; but yours is a new one!
I'll assume that you meant to say pt, for printer's points.
To recover gracefully from this error, it's best to
delete the erroneous units; e.g., type `2' to delete
two letters. (See Chapter 27 of The TeXbook.)


Package hyperref Warning: Height of page (\paperheight) is invalid (0.0pt),
(hyperref)                using 11in.

Package hyperref Info: Link coloring OFF on input line 33.
(./slides_meat_30min_vpost.out) (./slides_meat_30min_vpost.out)
\@outlinefile=\write5

\openout5 = slides_meat_30min_vpost.out
\symnumbers=\mathgroup6
\sympureletters=\mathgroup7
LaTeX Font Info:    Overwriting math alphabet `\mathrm' in version `normal'
(Font)                  OT1/cmr/m/n --> TU/LinLibertine_R.otf(0)/m/n on input l
ine 33.
LaTeX Font Info:    Redeclaring math alphabet \mathbf on input line 33.
LaTeX Font Info:    Overwriting math alphabet `\mathbf' in version `normal'
(Font)                  OT1/cmr/bx/n --> TU/LinLibertine_R.otf(0)/b/n on input 
line 33.
LaTeX Font Info:    Overwriting math alphabet `\mathbf' in version `bold'
(Font)                  OT1/cmr/bx/n --> TU/LinLibertine_R.otf(0)/b/n on input 
line 33.
LaTeX Font Info:    Redeclaring math alphabet \mathsf on input line 33.
LaTeX Font Info:    Overwriting math alphabet `\mathsf' in version `normal'
(Font)                  OT1/cmss/m/n --> TU/lmss/m/n on input line 33.
LaTeX Font Info:    Overwriting math alphabet `\mathsf' in version `bold'
(Font)                  OT1/cmss/bx/n --> TU/lmss/m/n on input line 33.
LaTeX Font Info:    Redeclaring math alphabet \mathit on input line 33.
LaTeX Font Info:    Overwriting math alphabet `\mathit' in version `normal'
(Font)                  OT1/cmr/m/it --> TU/LinLibertine_R.otf(0)/m/it on input
 line 33.
LaTeX Font Info:    Overwriting math alphabet `\mathit' in version `bold'
(Font)                  OT1/cmr/bx/it --> TU/LinLibertine_R.otf(0)/m/it on inpu
t line 33.
LaTeX Font Info:    Redeclaring math alphabet \mathtt on input line 33.
LaTeX Font Info:    Overwriting math alphabet `\mathtt' in version `normal'
(Font)                  OT1/cmtt/m/n --> TU/lmtt/m/n on input line 33.
LaTeX Font Info:    Overwriting math alphabet `\mathtt' in version `bold'
(Font)                  OT1/cmtt/m/n --> TU/lmtt/m/n on input line 33.
LaTeX Font Info:    Overwriting symbol font `numbers' in version `bold'
(Font)                  TU/LinLibertine_R.otf(0)/m/n --> TU/LinLibertine_R.otf(
0)/b/n on input line 33.
LaTeX Font Info:    Overwriting symbol font `pureletters' in version `bold'
(Font)                  TU/LinLibertine_R.otf(0)/m/it --> TU/LinLibertine_R.otf
(0)/b/it on input line 33.
LaTeX Font Info:    Overwriting math alphabet `\mathrm' in version `bold'
(Font)                  OT1/cmr/bx/n --> TU/LinLibertine_R.otf(0)/b/n on input 
line 33.
LaTeX Font Info:    Overwriting math alphabet `\mathbf' in version `bold'
(Font)                  TU/LinLibertine_R.otf(0)/b/n --> TU/LinLibertine_R.otf(
0)/b/n on input line 33.
LaTeX Font Info:    Overwriting math alphabet `\mathsf' in version `bold'
(Font)                  TU/lmss/m/n --> TU/lmss/b/n on input line 33.
LaTeX Font Info:    Overwriting math alphabet `\mathit' in version `bold'
(Font)                  TU/LinLibertine_R.otf(0)/m/it --> TU/LinLibertine_R.otf
(0)/b/it on input line 33.
LaTeX Font Info:    Overwriting math alphabet `\mathtt' in version `bold'
(Font)                  TU/lmtt/m/n --> TU/lmtt/b/n on input line 33.

(/usr/local/texlive/2024/texmf-dist/tex/latex/translator/translator-basic-dicti
onary-English.dict
Dictionary: translator-basic-dictionary, Language: English 
)
(/usr/local/texlive/2024/texmf-dist/tex/latex/translator/translator-bibliograph
y-dictionary-English.dict
Dictionary: translator-bibliography-dictionary, Language: English 
)
(/usr/local/texlive/2024/texmf-dist/tex/latex/translator/translator-environment
-dictionary-English.dict
Dictionary: translator-environment-dictionary, Language: English 
)
(/usr/local/texlive/2024/texmf-dist/tex/latex/translator/translator-months-dict
ionary-English.dict
Dictionary: translator-months-dictionary, Language: English 
)
(/usr/local/texlive/2024/texmf-dist/tex/latex/translator/translator-numbers-dic
tionary-English.dict
Dictionary: translator-numbers-dictionary, Language: English 
)
(/usr/local/texlive/2024/texmf-dist/tex/latex/translator/translator-theorem-dic
tionary-English.dict
Dictionary: translator-theorem-dictionary, Language: English 
)

Package fontspec Info: Adjusting the maths setup (use [no-math] to avoid
(fontspec)             this).

\symlegacymaths=\mathgroup8
LaTeX Font Info:    Overwriting symbol font `legacymaths' in version `bold'
(Font)                  OT1/cmr/m/n --> OT1/cmr/bx/n on input line 33.
LaTeX Font Info:    Redeclaring math accent \acute on input line 33.
LaTeX Font Info:    Redeclaring math accent \grave on input line 33.
LaTeX Font Info:    Redeclaring math accent \ddot on input line 33.
LaTeX Font Info:    Redeclaring math accent \tilde on input line 33.
LaTeX Font Info:    Redeclaring math accent \bar on input line 33.
LaTeX Font Info:    Redeclaring math accent \breve on input line 33.
LaTeX Font Info:    Redeclaring math accent \check on input line 33.
LaTeX Font Info:    Redeclaring math accent \hat on input line 33.
LaTeX Font Info:    Redeclaring math accent \dot on input line 33.
LaTeX Font Info:    Redeclaring math accent \mathring on input line 33.
LaTeX Font Info:    Redeclaring math symbol \Gamma on input line 33.
LaTeX Font Info:    Redeclaring math symbol \Delta on input line 33.
LaTeX Font Info:    Redeclaring math symbol \Theta on input line 33.
LaTeX Font Info:    Redeclaring math symbol \Lambda on input line 33.
LaTeX Font Info:    Redeclaring math symbol \Xi on input line 33.
LaTeX Font Info:    Redeclaring math symbol \Pi on input line 33.
LaTeX Font Info:    Redeclaring math symbol \Sigma on input line 33.
LaTeX Font Info:    Redeclaring math symbol \Upsilon on input line 33.
LaTeX Font Info:    Redeclaring math symbol \Phi on input line 33.
LaTeX Font Info:    Redeclaring math symbol \Psi on input line 33.
LaTeX Font Info:    Redeclaring math symbol \Omega on input line 33.
LaTeX Font Info:    Redeclaring math symbol \mathdollar on input line 33.
LaTeX Font Info:    Redeclaring symbol font `operators' on input line 33.
LaTeX Font Info:    Encoding `OT1' has changed to `TU' for symbol font
(Font)              `operators' in the math version `normal' on input line 33.
LaTeX Font Info:    Overwriting symbol font `operators' in version `normal'
(Font)                  OT1/cmr/m/n --> TU/LinLibertine_R.otf(0)/m/n on input l
ine 33.
LaTeX Font Info:    Encoding `OT1' has changed to `TU' for symbol font
(Font)              `operators' in the math version `bold' on input line 33.
LaTeX Font Info:    Overwriting symbol font `operators' in version `bold'
(Font)                  OT1/cmr/bx/n --> TU/LinLibertine_R.otf(0)/m/n on input 
line 33.
LaTeX Font Info:    Overwriting symbol font `operators' in version `normal'
(Font)                  TU/LinLibertine_R.otf(0)/m/n --> TU/LinLibertine_R.otf(
0)/m/n on input line 33.
LaTeX Font Info:    Redeclaring math alphabet \mathrm on input line 33.
LaTeX Font Info:    Overwriting math alphabet `\mathit' in version `normal'
(Font)                  TU/LinLibertine_R.otf(0)/m/it --> TU/LinLibertine_R.otf
(0)/m/it on input line 33.
LaTeX Font Info:    Overwriting math alphabet `\mathbf' in version `normal'
(Font)                  TU/LinLibertine_R.otf(0)/b/n --> TU/LinLibertine_R.otf(
0)/b/n on input line 33.
LaTeX Font Info:    Overwriting math alphabet `\mathsf' in version `normal'
(Font)                  TU/lmss/m/n --> TU/lmss/m/n on input line 33.
LaTeX Font Info:    Overwriting math alphabet `\mathtt' in version `normal'
(Font)                  TU/lmtt/m/n --> TU/lmtt/m/n on input line 33.
LaTeX Font Info:    Overwriting symbol font `operators' in version `bold'
(Font)                  TU/LinLibertine_R.otf(0)/m/n --> TU/LinLibertine_R.otf(
0)/b/n on input line 33.
LaTeX Font Info:    Overwriting math alphabet `\mathit' in version `bold'
(Font)                  TU/LinLibertine_R.otf(0)/b/it --> TU/LinLibertine_R.otf
(0)/b/it on input line 33.
LaTeX Font Info:    Overwriting math alphabet `\mathsf' in version `bold'
(Font)                  TU/lmss/b/n --> TU/lmss/b/n on input line 33.
LaTeX Font Info:    Overwriting math alphabet `\mathtt' in version `bold'
(Font)                  TU/lmtt/b/n --> TU/lmtt/b/n on input line 33.
\c@lstlisting=\count380
Package caption Info: Begin \AtBeginDocument code.
Package caption Info: End \AtBeginDocument code.
LaTeX Info: Redefining \. on input line 33.
LaTeX Info: Redefining \% on input line 33.
 (./slides_meat_30min_vpost.nav)
LaTeX Font Info:    Trying to load font information for U+msa on input line 33.


(/usr/local/texlive/2024/texmf-dist/tex/latex/amsfonts/umsa.fd
File: umsa.fd 2013/01/14 v3.01 AMS symbols A
)
LaTeX Font Info:    Trying to load font information for U+msb on input line 33.


(/usr/local/texlive/2024/texmf-dist/tex/latex/amsfonts/umsb.fd
File: umsb.fd 2013/01/14 v3.01 AMS symbols B
)
Overfull \hbox (307.28987pt too wide) in paragraph at lines 33--33
[][][]  
 []


Overfull \hbox (307.28987pt too wide) in paragraph at lines 34--34
[][][]  
 []


Overfull \vbox (157.97969pt too high) detected at line 34
 []


Overfull \vbox (4.0pt too high) has occurred while \output is active []


Overfull \vbox (9.0pt too high) has occurred while \output is active []


Overfull \hbox (307.28987pt too wide) has occurred while \output is active
[][][] 
 []

[1
Non-PDF special ignored!
Non-PDF special ignored!
Non-PDF special ignored!
Non-PDF special ignored!
Non-PDF special ignored!
Non-PDF special ignored!
Non-PDF special ignored!
Non-PDF special ignored!
Non-PDF special ignored!
Non-PDF special ignored!
Non-PDF special ignored!
Non-PDF special ignored!
Non-PDF special ignored!
Non-PDF special ignored!
Non-PDF special ignored!
Non-PDF special ignored!
Non-PDF special ignored!
Non-PDF special ignored!
Non-PDF special ignored!
Non-PDF special ignored!
Non-PDF special ignored!
Non-PDF special ignored!
Non-PDF special ignored!
Non-PDF special ignored!
Non-PDF special ignored!
Non-PDF special ignored!
Non-PDF special ignored!
Non-PDF special ignored!
Non-PDF special ignored!
Non-PDF special ignored!
Non-PDF special ignored!
Non-PDF special ignored!
Non-PDF special ignored!
Non-PDF special ignored!
Non-PDF special ignored!


Non-PDF special ignored!
Non-PDF special ignored!
Non-PDF special ignored!
Non-PDF special ignored!
Non-PDF special ignored!
Non-PDF special ignored!
Non-PDF special ignored!
Non-PDF special ignored!{/usr/local/texlive/2024/texmf-var/fonts/map/pdftex/updm
ap/pdftex.map}
Non-PDF special ignored!
Non-PDF special ignored!
Non-PDF special ignored!
Non-PDF special ignored!]
Overfull \vbox (15.0pt too high) has occurred while \output is active []


Overfull \vbox (9.0pt too high) has occurred while \output is active []


Overfull \hbox (307.28987pt too wide) has occurred while \output is active
[][][] 
 []

[2
Non-PDF special ignored!
Non-PDF special ignored!
Non-PDF special ignored!
Non-PDF special ignored!
Non-PDF special ignored!
Non-PDF special ignored!
Non-PDF special ignored!
Non-PDF special ignored!
Non-PDF special ignored!
Non-PDF special ignored!
Non-PDF special ignored!
Non-PDF special ignored!
Non-PDF special ignored!
Non-PDF special ignored!
Non-PDF special ignored!
Non-PDF special ignored!
Non-PDF special ignored!
Non-PDF special ignored!
Non-PDF special ignored!
Non-PDF special ignored!
Non-PDF special ignored!
Non-PDF special ignored!
Non-PDF special ignored!
Non-PDF special ignored!
Non-PDF special ignored!
Non-PDF special ignored!
Non-PDF special ignored!
Non-PDF special ignored!
Non-PDF special ignored!
Non-PDF special ignored!
Non-PDF special ignored!
Non-PDF special ignored!
Non-PDF special ignored!
Non-PDF special ignored!
Non-PDF special ignored!
Non-PDF special ignored!
Non-PDF special ignored!
Non-PDF special ignored!
Non-PDF special ignored!
Non-PDF special ignored!
Non-PDF special ignored!
Non-PDF special ignored!
Non-PDF special ignored!
Non-PDF special ignored!
Non-PDF special ignored!
Non-PDF special ignored!
Non-PDF special ignored!
Non-PDF special ignored!
Non-PDF special ignored!
Non-PDF special ignored!
Non-PDF special ignored!
Non-PDF special ignored!
Non-PDF special ignored!
Non-PDF special ignored!
Non-PDF special ignored!
Non-PDF special ignored!
Non-PDF special ignored!
Non-PDF special ignored!
Non-PDF special ignored!
Non-PDF special ignored!]
Overfull \vbox (4.0pt too high) has occurred while \output is active []


Overfull \vbox (9.0pt too high) has occurred while \output is active []


Overfull \hbox (307.28987pt too wide) has occurred while \output is active
[][][] 
 []

[3
Non-PDF special ignored!
Non-PDF special ignored!
Non-PDF special ignored!
Non-PDF special ignored!
Non-PDF special ignored!
Non-PDF special ignored!
Non-PDF special ignored!
Non-PDF special ignored!
Non-PDF special ignored!
Non-PDF special ignored!
Non-PDF special ignored!
Non-PDF special ignored!
Non-PDF special ignored!
Non-PDF special ignored!
Non-PDF special ignored!
Non-PDF special ignored!
Non-PDF special ignored!
Non-PDF special ignored!
Non-PDF special ignored!
Non-PDF special ignored!
Non-PDF special ignored!
Non-PDF special ignored!
Non-PDF special ignored!
Non-PDF special ignored!
Non-PDF special ignored!
Non-PDF special ignored!
Non-PDF special ignored!
Non-PDF special ignored!
Non-PDF special ignored!
Non-PDF special ignored!
Non-PDF special ignored!
Non-PDF special ignored!
Non-PDF special ignored!
Non-PDF special ignored!


Non-PDF special ignored!
Non-PDF special ignored!
Non-PDF special ignored!
Non-PDF special ignored!
Non-PDF special ignored!
Non-PDF special ignored!
Non-PDF special ignored!
Non-PDF special ignored!]
Overfull \vbox (11.0pt too high) has occurred while \output is active []


Overfull \hbox (307.28987pt too wide) in paragraph at lines 39--39
[][][]  
 []

(./slides_meat_30min_vpost.toc
LaTeX Info: Redefining \. on input line 1.
LaTeX Info: Redefining \% on input line 1.
)
Overfull \vbox (112.89449pt too high) detected at line 39
 []


Overfull \vbox (28.6pt too high) has occurred while \output is active []


Overfull \vbox (9.0pt too high) has occurred while \output is active []


Overfull \hbox (307.28987pt too wide) has occurred while \output is active
[][][] 
 []

[4
Non-PDF special ignored!
Non-PDF special ignored!
Non-PDF special ignored!
Non-PDF special ignored!
Non-PDF special ignored!
Non-PDF special ignored!
Non-PDF special ignored!
Non-PDF special ignored!
Non-PDF special ignored!
Non-PDF special ignored!
Non-PDF special ignored!
Non-PDF special ignored!
Non-PDF special ignored!
Non-PDF special ignored!
Non-PDF special ignored!
Non-PDF special ignored!
Non-PDF special ignored!
Non-PDF special ignored!
Non-PDF special ignored!
Non-PDF special ignored!
Non-PDF special ignored!
Non-PDF special ignored!
Non-PDF special ignored!
Non-PDF special ignored!
Non-PDF special ignored!
Non-PDF special ignored!
Non-PDF special ignored!
Non-PDF special ignored!
Non-PDF special ignored!
Non-PDF special ignored!
Non-PDF special ignored!
Non-PDF special ignored!
Non-PDF special ignored!
Non-PDF special ignored!
Non-PDF special ignored!
Non-PDF special ignored!
Non-PDF special ignored!
Non-PDF special ignored!
Non-PDF special ignored!
Non-PDF special ignored!
Non-PDF special ignored!
Non-PDF special ignored!
Non-PDF special ignored!
Non-PDF special ignored!
Non-PDF special ignored!
Non-PDF special ignored!
Non-PDF special ignored!
Non-PDF special ignored!
Non-PDF special ignored!
Non-PDF special ignored!
Non-PDF special ignored!
Non-PDF special ignored!
Non-PDF special ignored!
Non-PDF special ignored!
Non-PDF special ignored!
Non-PDF special ignored!
Non-PDF special ignored!
Non-PDF special ignored!
Non-PDF special ignored!
Non-PDF special ignored!
Non-PDF special ignored!
Non-PDF special ignored!
Non-PDF special ignored!
Non-PDF special ignored!
Non-PDF special ignored!
Non-PDF special ignored!
Non-PDF special ignored!
Non-PDF special ignored!
Non-PDF special ignored!
Non-PDF special ignored!]
Overfull \vbox (4.0pt too high) has occurred while \output is active []


Overfull \vbox (9.0pt too high) has occurred while \output is active []


Overfull \hbox (307.28987pt too wide) has occurred while \output is active
[][][] 
 []

[5
Non-PDF special ignored!
Non-PDF special ignored!
Non-PDF special ignored!
Non-PDF special ignored!
Non-PDF special ignored!
Non-PDF special ignored!
Non-PDF special ignored!
Non-PDF special ignored!
Non-PDF special ignored!
Non-PDF special ignored!
Non-PDF special ignored!
Non-PDF special ignored!
Non-PDF special ignored!
Non-PDF special ignored!
Non-PDF special ignored!
Non-PDF special ignored!
Non-PDF special ignored!
Non-PDF special ignored!
Non-PDF special ignored!
Non-PDF special ignored!
Non-PDF special ignored!
Non-PDF special ignored!
Non-PDF special ignored!
Non-PDF special ignored!
Non-PDF special ignored!
Non-PDF special ignored!
Non-PDF special ignored!
Non-PDF special ignored!
Non-PDF special ignored!
Non-PDF special ignored!
Non-PDF special ignored!
Non-PDF special ignored!
Non-PDF special ignored!
Non-PDF special ignored!


Non-PDF special ignored!
Non-PDF special ignored!
Non-PDF special ignored!
Non-PDF special ignored!
Non-PDF special ignored!
Non-PDF special ignored!
Non-PDF special ignored!
Non-PDF special ignored!]
Overfull \vbox (11.0pt too high) has occurred while \output is active []


Overfull \hbox (307.28987pt too wide) in paragraph at lines 54--54
[][][]  
 []


Overfull \vbox (219.3244pt too high) detected at line 54
 []


Overfull \vbox (28.6pt too high) has occurred while \output is active []


Overfull \vbox (9.0pt too high) has occurred while \output is active []


Overfull \hbox (307.28987pt too wide) has occurred while \output is active
[][][] 
 []

[6
Non-PDF special ignored!
Non-PDF special ignored!
Non-PDF special ignored!
Non-PDF special ignored!
Non-PDF special ignored!
Non-PDF special ignored!
Non-PDF special ignored!
Non-PDF special ignored!
Non-PDF special ignored!
Non-PDF special ignored!
Non-PDF special ignored!
Non-PDF special ignored!
Non-PDF special ignored!
Non-PDF special ignored!
Non-PDF special ignored!
Non-PDF special ignored!
Non-PDF special ignored!
Non-PDF special ignored!
Non-PDF special ignored!
Non-PDF special ignored!
Non-PDF special ignored!
Non-PDF special ignored!
Non-PDF special ignored!
Non-PDF special ignored!
Non-PDF special ignored!
Non-PDF special ignored!
Non-PDF special ignored!
Non-PDF special ignored!
Non-PDF special ignored!
Non-PDF special ignored!
Non-PDF special ignored!
Non-PDF special ignored!
Non-PDF special ignored!
Non-PDF special ignored!
Non-PDF special ignored!
Non-PDF special ignored!
Non-PDF special ignored!
Non-PDF special ignored!
Non-PDF special ignored!
Non-PDF special ignored!
Non-PDF special ignored!
Non-PDF special ignored!
Non-PDF special ignored!
Non-PDF special ignored!
Non-PDF special ignored!
Non-PDF special ignored!
Non-PDF special ignored!
Non-PDF special ignored!
Non-PDF special ignored!
Non-PDF special ignored!
Non-PDF special ignored!
Non-PDF special ignored!
Non-PDF special ignored!
Non-PDF special ignored!
Non-PDF special ignored!
Non-PDF special ignored!
Non-PDF special ignored!
Non-PDF special ignored!
Non-PDF special ignored!
Non-PDF special ignored!
Non-PDF special ignored!
Non-PDF special ignored!
Non-PDF special ignored!
Non-PDF special ignored!
Non-PDF special ignored!
Non-PDF special ignored!
Non-PDF special ignored!
Non-PDF special ignored!
Non-PDF special ignored!
Non-PDF special ignored!
Non-PDF special ignored!
Non-PDF special ignored!
Non-PDF special ignored!
Non-PDF special ignored!]
Overfull \vbox (4.0pt too high) has occurred while \output is active []


Overfull \vbox (9.0pt too high) has occurred while \output is active []


Overfull \hbox (307.28987pt too wide) has occurred while \output is active
[][][] 
 []

[7
Non-PDF special ignored!
Non-PDF special ignored!
Non-PDF special ignored!
Non-PDF special ignored!
Non-PDF special ignored!
Non-PDF special ignored!
Non-PDF special ignored!
Non-PDF special ignored!
Non-PDF special ignored!
Non-PDF special ignored!
Non-PDF special ignored!
Non-PDF special ignored!
Non-PDF special ignored!
Non-PDF special ignored!
Non-PDF special ignored!
Non-PDF special ignored!
Non-PDF special ignored!
Non-PDF special ignored!
Non-PDF special ignored!
Non-PDF special ignored!
Non-PDF special ignored!
Non-PDF special ignored!
Non-PDF special ignored!
Non-PDF special ignored!
Non-PDF special ignored!
Non-PDF special ignored!
Non-PDF special ignored!
Non-PDF special ignored!
Non-PDF special ignored!
Non-PDF special ignored!
Non-PDF special ignored!
Non-PDF special ignored!
Non-PDF special ignored!
Non-PDF special ignored!


Non-PDF special ignored!
Non-PDF special ignored!
Non-PDF special ignored!
Non-PDF special ignored!
Non-PDF special ignored!
Non-PDF special ignored!
Non-PDF special ignored!
Non-PDF special ignored!]
Overfull \vbox (11.0pt too high) has occurred while \output is active []


Overfull \vbox (219.3244pt too high) detected at line 54
 []


Overfull \vbox (28.6pt too high) has occurred while \output is active []


Overfull \vbox (9.0pt too high) has occurred while \output is active []


Overfull \hbox (307.28987pt too wide) has occurred while \output is active
[][][] 
 []

[8
Non-PDF special ignored!
Non-PDF special ignored!
Non-PDF special ignored!
Non-PDF special ignored!
Non-PDF special ignored!
Non-PDF special ignored!
Non-PDF special ignored!
Non-PDF special ignored!
Non-PDF special ignored!
Non-PDF special ignored!
Non-PDF special ignored!
Non-PDF special ignored!
Non-PDF special ignored!
Non-PDF special ignored!
Non-PDF special ignored!
Non-PDF special ignored!
Non-PDF special ignored!
Non-PDF special ignored!
Non-PDF special ignored!
Non-PDF special ignored!
Non-PDF special ignored!
Non-PDF special ignored!
Non-PDF special ignored!
Non-PDF special ignored!
Non-PDF special ignored!
Non-PDF special ignored!
Non-PDF special ignored!
Non-PDF special ignored!
Non-PDF special ignored!
Non-PDF special ignored!
Non-PDF special ignored!
Non-PDF special ignored!
Non-PDF special ignored!
Non-PDF special ignored!
Non-PDF special ignored!
Non-PDF special ignored!
Non-PDF special ignored!
Non-PDF special ignored!
Non-PDF special ignored!
Non-PDF special ignored!
Non-PDF special ignored!
Non-PDF special ignored!
Non-PDF special ignored!
Non-PDF special ignored!
Non-PDF special ignored!
Non-PDF special ignored!
Non-PDF special ignored!
Non-PDF special ignored!
Non-PDF special ignored!
Non-PDF special ignored!
Non-PDF special ignored!
Non-PDF special ignored!
Non-PDF special ignored!
Non-PDF special ignored!
Non-PDF special ignored!
Non-PDF special ignored!
Non-PDF special ignored!
Non-PDF special ignored!
Non-PDF special ignored!
Non-PDF special ignored!
Non-PDF special ignored!
Non-PDF special ignored!
Non-PDF special ignored!
Non-PDF special ignored!
Non-PDF special ignored!
Non-PDF special ignored!
Non-PDF special ignored!
Non-PDF special ignored!
Non-PDF special ignored!
Non-PDF special ignored!
Non-PDF special ignored!
Non-PDF special ignored!
Non-PDF special ignored!
Non-PDF special ignored!]
Overfull \vbox (4.0pt too high) has occurred while \output is active []


Overfull \vbox (9.0pt too high) has occurred while \output is active []


Overfull \hbox (307.28987pt too wide) has occurred while \output is active
[][][] 
 []

[9
Non-PDF special ignored!
Non-PDF special ignored!
Non-PDF special ignored!
Non-PDF special ignored!
Non-PDF special ignored!
Non-PDF special ignored!
Non-PDF special ignored!
Non-PDF special ignored!
Non-PDF special ignored!
Non-PDF special ignored!
Non-PDF special ignored!
Non-PDF special ignored!
Non-PDF special ignored!
Non-PDF special ignored!
Non-PDF special ignored!
Non-PDF special ignored!
Non-PDF special ignored!
Non-PDF special ignored!
Non-PDF special ignored!
Non-PDF special ignored!
Non-PDF special ignored!
Non-PDF special ignored!
Non-PDF special ignored!
Non-PDF special ignored!
Non-PDF special ignored!
Non-PDF special ignored!
Non-PDF special ignored!
Non-PDF special ignored!
Non-PDF special ignored!
Non-PDF special ignored!
Non-PDF special ignored!
Non-PDF special ignored!
Non-PDF special ignored!
Non-PDF special ignored!


Non-PDF special ignored!
Non-PDF special ignored!
Non-PDF special ignored!
Non-PDF special ignored!
Non-PDF special ignored!
Non-PDF special ignored!
Non-PDF special ignored!
Non-PDF special ignored!]
Overfull \vbox (11.0pt too high) has occurred while \output is active []


Overfull \vbox (219.3244pt too high) detected at line 54
 []


Overfull \vbox (28.6pt too high) has occurred while \output is active []


Overfull \vbox (9.0pt too high) has occurred while \output is active []


Overfull \hbox (307.28987pt too wide) has occurred while \output is active
[][][] 
 []

[10
Non-PDF special ignored!
Non-PDF special ignored!
Non-PDF special ignored!
Non-PDF special ignored!
Non-PDF special ignored!
Non-PDF special ignored!
Non-PDF special ignored!
Non-PDF special ignored!
Non-PDF special ignored!
Non-PDF special ignored!
Non-PDF special ignored!
Non-PDF special ignored!
Non-PDF special ignored!
Non-PDF special ignored!
Non-PDF special ignored!
Non-PDF special ignored!
Non-PDF special ignored!
Non-PDF special ignored!
Non-PDF special ignored!
Non-PDF special ignored!
Non-PDF special ignored!
Non-PDF special ignored!
Non-PDF special ignored!
Non-PDF special ignored!
Non-PDF special ignored!
Non-PDF special ignored!
Non-PDF special ignored!
Non-PDF special ignored!
Non-PDF special ignored!
Non-PDF special ignored!
Non-PDF special ignored!
Non-PDF special ignored!
Non-PDF special ignored!
Non-PDF special ignored!
Non-PDF special ignored!
Non-PDF special ignored!
Non-PDF special ignored!
Non-PDF special ignored!
Non-PDF special ignored!
Non-PDF special ignored!
Non-PDF special ignored!
Non-PDF special ignored!
Non-PDF special ignored!
Non-PDF special ignored!
Non-PDF special ignored!
Non-PDF special ignored!
Non-PDF special ignored!
Non-PDF special ignored!
Non-PDF special ignored!
Non-PDF special ignored!
Non-PDF special ignored!
Non-PDF special ignored!
Non-PDF special ignored!
Non-PDF special ignored!
Non-PDF special ignored!
Non-PDF special ignored!
Non-PDF special ignored!
Non-PDF special ignored!
Non-PDF special ignored!
Non-PDF special ignored!
Non-PDF special ignored!
Non-PDF special ignored!
Non-PDF special ignored!
Non-PDF special ignored!
Non-PDF special ignored!
Non-PDF special ignored!
Non-PDF special ignored!
Non-PDF special ignored!
Non-PDF special ignored!
Non-PDF special ignored!
Non-PDF special ignored!
Non-PDF special ignored!
Non-PDF special ignored!
Non-PDF special ignored!]
Overfull \vbox (4.0pt too high) has occurred while \output is active []


Overfull \vbox (9.0pt too high) has occurred while \output is active []


Overfull \hbox (307.28987pt too wide) has occurred while \output is active
[][][] 
 []

[11
Non-PDF special ignored!
Non-PDF special ignored!
Non-PDF special ignored!
Non-PDF special ignored!
Non-PDF special ignored!
Non-PDF special ignored!
Non-PDF special ignored!
Non-PDF special ignored!
Non-PDF special ignored!
Non-PDF special ignored!
Non-PDF special ignored!
Non-PDF special ignored!
Non-PDF special ignored!
Non-PDF special ignored!
Non-PDF special ignored!
Non-PDF special ignored!
Non-PDF special ignored!
Non-PDF special ignored!
Non-PDF special ignored!
Non-PDF special ignored!
Non-PDF special ignored!
Non-PDF special ignored!
Non-PDF special ignored!
Non-PDF special ignored!
Non-PDF special ignored!
Non-PDF special ignored!
Non-PDF special ignored!
Non-PDF special ignored!
Non-PDF special ignored!
Non-PDF special ignored!
Non-PDF special ignored!
Non-PDF special ignored!
Non-PDF special ignored!
Non-PDF special ignored!


Non-PDF special ignored!
Non-PDF special ignored!
Non-PDF special ignored!
Non-PDF special ignored!
Non-PDF special ignored!
Non-PDF special ignored!
Non-PDF special ignored!
Non-PDF special ignored!]
Overfull \vbox (11.0pt too high) has occurred while \output is active []


Overfull \vbox (219.3244pt too high) detected at line 54
 []


Overfull \vbox (28.6pt too high) has occurred while \output is active []


Overfull \vbox (9.0pt too high) has occurred while \output is active []


Overfull \hbox (307.28987pt too wide) has occurred while \output is active
[][][] 
 []

[12
Non-PDF special ignored!
Non-PDF special ignored!
Non-PDF special ignored!
Non-PDF special ignored!
Non-PDF special ignored!
Non-PDF special ignored!
Non-PDF special ignored!
Non-PDF special ignored!
Non-PDF special ignored!
Non-PDF special ignored!
Non-PDF special ignored!
Non-PDF special ignored!
Non-PDF special ignored!
Non-PDF special ignored!
Non-PDF special ignored!
Non-PDF special ignored!
Non-PDF special ignored!
Non-PDF special ignored!
Non-PDF special ignored!
Non-PDF special ignored!
Non-PDF special ignored!
Non-PDF special ignored!
Non-PDF special ignored!
Non-PDF special ignored!
Non-PDF special ignored!
Non-PDF special ignored!
Non-PDF special ignored!
Non-PDF special ignored!
Non-PDF special ignored!
Non-PDF special ignored!
Non-PDF special ignored!
Non-PDF special ignored!
Non-PDF special ignored!
Non-PDF special ignored!
Non-PDF special ignored!
Non-PDF special ignored!
Non-PDF special ignored!
Non-PDF special ignored!
Non-PDF special ignored!
Non-PDF special ignored!
Non-PDF special ignored!
Non-PDF special ignored!
Non-PDF special ignored!
Non-PDF special ignored!
Non-PDF special ignored!
Non-PDF special ignored!
Non-PDF special ignored!
Non-PDF special ignored!
Non-PDF special ignored!
Non-PDF special ignored!
Non-PDF special ignored!
Non-PDF special ignored!
Non-PDF special ignored!
Non-PDF special ignored!
Non-PDF special ignored!
Non-PDF special ignored!
Non-PDF special ignored!
Non-PDF special ignored!
Non-PDF special ignored!
Non-PDF special ignored!
Non-PDF special ignored!
Non-PDF special ignored!
Non-PDF special ignored!
Non-PDF special ignored!
Non-PDF special ignored!
Non-PDF special ignored!
Non-PDF special ignored!
Non-PDF special ignored!
Non-PDF special ignored!
Non-PDF special ignored!
Non-PDF special ignored!
Non-PDF special ignored!
Non-PDF special ignored!
Non-PDF special ignored!]
Overfull \vbox (4.0pt too high) has occurred while \output is active []


Overfull \vbox (9.0pt too high) has occurred while \output is active []


Overfull \hbox (307.28987pt too wide) has occurred while \output is active
[][][] 
 []

[13
Non-PDF special ignored!
Non-PDF special ignored!
Non-PDF special ignored!
Non-PDF special ignored!
Non-PDF special ignored!
Non-PDF special ignored!
Non-PDF special ignored!
Non-PDF special ignored!
Non-PDF special ignored!
Non-PDF special ignored!
Non-PDF special ignored!
Non-PDF special ignored!
Non-PDF special ignored!
Non-PDF special ignored!
Non-PDF special ignored!
Non-PDF special ignored!
Non-PDF special ignored!
Non-PDF special ignored!
Non-PDF special ignored!
Non-PDF special ignored!
Non-PDF special ignored!
Non-PDF special ignored!
Non-PDF special ignored!
Non-PDF special ignored!
Non-PDF special ignored!
Non-PDF special ignored!
Non-PDF special ignored!
Non-PDF special ignored!
Non-PDF special ignored!
Non-PDF special ignored!
Non-PDF special ignored!
Non-PDF special ignored!
Non-PDF special ignored!
Non-PDF special ignored!


Non-PDF special ignored!
Non-PDF special ignored!
Non-PDF special ignored!
Non-PDF special ignored!
Non-PDF special ignored!
Non-PDF special ignored!
Non-PDF special ignored!
Non-PDF special ignored!]
Overfull \vbox (11.0pt too high) has occurred while \output is active []


Overfull \hbox (307.28987pt too wide) in paragraph at lines 75--75
[][][]  
 []


Overfull \vbox (202.2983pt too high) detected at line 75
 []


Overfull \vbox (28.6pt too high) has occurred while \output is active []


Overfull \vbox (9.0pt too high) has occurred while \output is active []


Overfull \hbox (307.28987pt too wide) has occurred while \output is active
[][][] 
 []

[14
Non-PDF special ignored!
Non-PDF special ignored!
Non-PDF special ignored!
Non-PDF special ignored!
Non-PDF special ignored!
Non-PDF special ignored!
Non-PDF special ignored!
Non-PDF special ignored!
Non-PDF special ignored!
Non-PDF special ignored!
Non-PDF special ignored!
Non-PDF special ignored!
Non-PDF special ignored!
Non-PDF special ignored!
Non-PDF special ignored!
Non-PDF special ignored!
Non-PDF special ignored!
Non-PDF special ignored!
Non-PDF special ignored!
Non-PDF special ignored!
Non-PDF special ignored!
Non-PDF special ignored!
Non-PDF special ignored!
Non-PDF special ignored!
Non-PDF special ignored!
Non-PDF special ignored!
Non-PDF special ignored!
Non-PDF special ignored!
Non-PDF special ignored!
Non-PDF special ignored!
Non-PDF special ignored!
Non-PDF special ignored!
Non-PDF special ignored!
Non-PDF special ignored!
Non-PDF special ignored!
Non-PDF special ignored!
Non-PDF special ignored!
Non-PDF special ignored!
Non-PDF special ignored!
Non-PDF special ignored!
Non-PDF special ignored!
Non-PDF special ignored!
Non-PDF special ignored!
Non-PDF special ignored!
Non-PDF special ignored!
Non-PDF special ignored!
Non-PDF special ignored!
Non-PDF special ignored!
Non-PDF special ignored!
Non-PDF special ignored!
Non-PDF special ignored!
Non-PDF special ignored!
Non-PDF special ignored!
Non-PDF special ignored!
Non-PDF special ignored!
Non-PDF special ignored!
Non-PDF special ignored!
Non-PDF special ignored!
Non-PDF special ignored!
Non-PDF special ignored!
Non-PDF special ignored!
Non-PDF special ignored!
Non-PDF special ignored!
Non-PDF special ignored!
Non-PDF special ignored!
Non-PDF special ignored!
Non-PDF special ignored!
Non-PDF special ignored!
Non-PDF special ignored!
Non-PDF special ignored!
Non-PDF special ignored!
Non-PDF special ignored!
Non-PDF special ignored!
Non-PDF special ignored!
Non-PDF special ignored!
Non-PDF special ignored!
Non-PDF special ignored!
Non-PDF special ignored!
Non-PDF special ignored!
Non-PDF special ignored!
Non-PDF special ignored!
Non-PDF special ignored!
Non-PDF special ignored!
Non-PDF special ignored!
Non-PDF special ignored!
Non-PDF special ignored!]
Overfull \vbox (4.0pt too high) has occurred while \output is active []


Overfull \vbox (9.0pt too high) has occurred while \output is active []


Overfull \hbox (307.28987pt too wide) has occurred while \output is active
[][][] 
 []

[15
Non-PDF special ignored!
Non-PDF special ignored!
Non-PDF special ignored!
Non-PDF special ignored!
Non-PDF special ignored!
Non-PDF special ignored!
Non-PDF special ignored!
Non-PDF special ignored!
Non-PDF special ignored!
Non-PDF special ignored!
Non-PDF special ignored!
Non-PDF special ignored!
Non-PDF special ignored!
Non-PDF special ignored!
Non-PDF special ignored!
Non-PDF special ignored!
Non-PDF special ignored!
Non-PDF special ignored!
Non-PDF special ignored!
Non-PDF special ignored!
Non-PDF special ignored!
Non-PDF special ignored!
Non-PDF special ignored!
Non-PDF special ignored!
Non-PDF special ignored!
Non-PDF special ignored!
Non-PDF special ignored!
Non-PDF special ignored!
Non-PDF special ignored!
Non-PDF special ignored!
Non-PDF special ignored!
Non-PDF special ignored!
Non-PDF special ignored!
Non-PDF special ignored!


Non-PDF special ignored!
Non-PDF special ignored!
Non-PDF special ignored!
Non-PDF special ignored!
Non-PDF special ignored!
Non-PDF special ignored!
Non-PDF special ignored!
Non-PDF special ignored!]
Overfull \vbox (11.0pt too high) has occurred while \output is active []


Overfull \vbox (202.2983pt too high) detected at line 75
 []


Overfull \vbox (28.6pt too high) has occurred while \output is active []


Overfull \vbox (9.0pt too high) has occurred while \output is active []


Overfull \hbox (307.28987pt too wide) has occurred while \output is active
[][][] 
 []

[16
Non-PDF special ignored!
Non-PDF special ignored!
Non-PDF special ignored!
Non-PDF special ignored!
Non-PDF special ignored!
Non-PDF special ignored!
Non-PDF special ignored!
Non-PDF special ignored!
Non-PDF special ignored!
Non-PDF special ignored!
Non-PDF special ignored!
Non-PDF special ignored!
Non-PDF special ignored!
Non-PDF special ignored!
Non-PDF special ignored!
Non-PDF special ignored!
Non-PDF special ignored!
Non-PDF special ignored!
Non-PDF special ignored!
Non-PDF special ignored!
Non-PDF special ignored!
Non-PDF special ignored!
Non-PDF special ignored!
Non-PDF special ignored!
Non-PDF special ignored!
Non-PDF special ignored!
Non-PDF special ignored!
Non-PDF special ignored!
Non-PDF special ignored!
Non-PDF special ignored!
Non-PDF special ignored!
Non-PDF special ignored!
Non-PDF special ignored!
Non-PDF special ignored!
Non-PDF special ignored!
Non-PDF special ignored!
Non-PDF special ignored!
Non-PDF special ignored!
Non-PDF special ignored!
Non-PDF special ignored!
Non-PDF special ignored!
Non-PDF special ignored!
Non-PDF special ignored!
Non-PDF special ignored!
Non-PDF special ignored!
Non-PDF special ignored!
Non-PDF special ignored!
Non-PDF special ignored!
Non-PDF special ignored!
Non-PDF special ignored!
Non-PDF special ignored!
Non-PDF special ignored!
Non-PDF special ignored!
Non-PDF special ignored!
Non-PDF special ignored!
Non-PDF special ignored!
Non-PDF special ignored!
Non-PDF special ignored!
Non-PDF special ignored!
Non-PDF special ignored!
Non-PDF special ignored!
Non-PDF special ignored!
Non-PDF special ignored!
Non-PDF special ignored!
Non-PDF special ignored!
Non-PDF special ignored!
Non-PDF special ignored!
Non-PDF special ignored!
Non-PDF special ignored!
Non-PDF special ignored!
Non-PDF special ignored!
Non-PDF special ignored!
Non-PDF special ignored!
Non-PDF special ignored!
Non-PDF special ignored!
Non-PDF special ignored!
Non-PDF special ignored!
Non-PDF special ignored!
Non-PDF special ignored!
Non-PDF special ignored!
Non-PDF special ignored!
Non-PDF special ignored!
Non-PDF special ignored!
Non-PDF special ignored!
Non-PDF special ignored!
Non-PDF special ignored!]
Overfull \vbox (4.0pt too high) has occurred while \output is active []


Overfull \vbox (9.0pt too high) has occurred while \output is active []


Overfull \hbox (307.28987pt too wide) has occurred while \output is active
[][][] 
 []

[17
Non-PDF special ignored!
Non-PDF special ignored!
Non-PDF special ignored!
Non-PDF special ignored!
Non-PDF special ignored!
Non-PDF special ignored!
Non-PDF special ignored!
Non-PDF special ignored!
Non-PDF special ignored!
Non-PDF special ignored!
Non-PDF special ignored!
Non-PDF special ignored!
Non-PDF special ignored!
Non-PDF special ignored!
Non-PDF special ignored!
Non-PDF special ignored!
Non-PDF special ignored!
Non-PDF special ignored!
Non-PDF special ignored!
Non-PDF special ignored!
Non-PDF special ignored!
Non-PDF special ignored!
Non-PDF special ignored!
Non-PDF special ignored!
Non-PDF special ignored!
Non-PDF special ignored!
Non-PDF special ignored!
Non-PDF special ignored!
Non-PDF special ignored!
Non-PDF special ignored!
Non-PDF special ignored!
Non-PDF special ignored!
Non-PDF special ignored!
Non-PDF special ignored!


Non-PDF special ignored!
Non-PDF special ignored!
Non-PDF special ignored!
Non-PDF special ignored!
Non-PDF special ignored!
Non-PDF special ignored!
Non-PDF special ignored!
Non-PDF special ignored!]
Overfull \vbox (11.0pt too high) has occurred while \output is active []


Overfull \vbox (202.2983pt too high) detected at line 75
 []


Overfull \vbox (28.6pt too high) has occurred while \output is active []


Overfull \vbox (9.0pt too high) has occurred while \output is active []


Overfull \hbox (307.28987pt too wide) has occurred while \output is active
[][][] 
 []

[18
Non-PDF special ignored!
Non-PDF special ignored!
Non-PDF special ignored!
Non-PDF special ignored!
Non-PDF special ignored!
Non-PDF special ignored!
Non-PDF special ignored!
Non-PDF special ignored!
Non-PDF special ignored!
Non-PDF special ignored!
Non-PDF special ignored!
Non-PDF special ignored!
Non-PDF special ignored!
Non-PDF special ignored!
Non-PDF special ignored!
Non-PDF special ignored!
Non-PDF special ignored!
Non-PDF special ignored!
Non-PDF special ignored!
Non-PDF special ignored!
Non-PDF special ignored!
Non-PDF special ignored!
Non-PDF special ignored!
Non-PDF special ignored!
Non-PDF special ignored!
Non-PDF special ignored!
Non-PDF special ignored!
Non-PDF special ignored!
Non-PDF special ignored!
Non-PDF special ignored!
Non-PDF special ignored!
Non-PDF special ignored!
Non-PDF special ignored!
Non-PDF special ignored!
Non-PDF special ignored!
Non-PDF special ignored!
Non-PDF special ignored!
Non-PDF special ignored!
Non-PDF special ignored!
Non-PDF special ignored!
Non-PDF special ignored!
Non-PDF special ignored!
Non-PDF special ignored!
Non-PDF special ignored!
Non-PDF special ignored!
Non-PDF special ignored!
Non-PDF special ignored!
Non-PDF special ignored!
Non-PDF special ignored!
Non-PDF special ignored!
Non-PDF special ignored!
Non-PDF special ignored!
Non-PDF special ignored!
Non-PDF special ignored!
Non-PDF special ignored!
Non-PDF special ignored!
Non-PDF special ignored!
Non-PDF special ignored!
Non-PDF special ignored!
Non-PDF special ignored!
Non-PDF special ignored!
Non-PDF special ignored!
Non-PDF special ignored!
Non-PDF special ignored!
Non-PDF special ignored!
Non-PDF special ignored!
Non-PDF special ignored!
Non-PDF special ignored!
Non-PDF special ignored!
Non-PDF special ignored!
Non-PDF special ignored!
Non-PDF special ignored!
Non-PDF special ignored!
Non-PDF special ignored!
Non-PDF special ignored!
Non-PDF special ignored!
Non-PDF special ignored!
Non-PDF special ignored!
Non-PDF special ignored!
Non-PDF special ignored!
Non-PDF special ignored!
Non-PDF special ignored!
Non-PDF special ignored!
Non-PDF special ignored!
Non-PDF special ignored!
Non-PDF special ignored!]
Overfull \vbox (4.0pt too high) has occurred while \output is active []


Overfull \vbox (9.0pt too high) has occurred while \output is active []


Overfull \hbox (307.28987pt too wide) has occurred while \output is active
[][][] 
 []

[19
Non-PDF special ignored!
Non-PDF special ignored!
Non-PDF special ignored!
Non-PDF special ignored!
Non-PDF special ignored!
Non-PDF special ignored!
Non-PDF special ignored!
Non-PDF special ignored!
Non-PDF special ignored!
Non-PDF special ignored!
Non-PDF special ignored!
Non-PDF special ignored!
Non-PDF special ignored!
Non-PDF special ignored!
Non-PDF special ignored!
Non-PDF special ignored!
Non-PDF special ignored!
Non-PDF special ignored!
Non-PDF special ignored!
Non-PDF special ignored!
Non-PDF special ignored!
Non-PDF special ignored!
Non-PDF special ignored!
Non-PDF special ignored!
Non-PDF special ignored!
Non-PDF special ignored!
Non-PDF special ignored!
Non-PDF special ignored!
Non-PDF special ignored!
Non-PDF special ignored!
Non-PDF special ignored!
Non-PDF special ignored!
Non-PDF special ignored!
Non-PDF special ignored!


Non-PDF special ignored!
Non-PDF special ignored!
Non-PDF special ignored!
Non-PDF special ignored!
Non-PDF special ignored!
Non-PDF special ignored!
Non-PDF special ignored!
Non-PDF special ignored!]
Overfull \vbox (11.0pt too high) has occurred while \output is active []


Overfull \vbox (202.2983pt too high) detected at line 75
 []


Overfull \vbox (28.6pt too high) has occurred while \output is active []


Overfull \vbox (9.0pt too high) has occurred while \output is active []


Overfull \hbox (307.28987pt too wide) has occurred while \output is active
[][][] 
 []

[20
Non-PDF special ignored!
Non-PDF special ignored!
Non-PDF special ignored!
Non-PDF special ignored!
Non-PDF special ignored!
Non-PDF special ignored!
Non-PDF special ignored!
Non-PDF special ignored!
Non-PDF special ignored!
Non-PDF special ignored!
Non-PDF special ignored!
Non-PDF special ignored!
Non-PDF special ignored!
Non-PDF special ignored!
Non-PDF special ignored!
Non-PDF special ignored!
Non-PDF special ignored!
Non-PDF special ignored!
Non-PDF special ignored!
Non-PDF special ignored!
Non-PDF special ignored!
Non-PDF special ignored!
Non-PDF special ignored!
Non-PDF special ignored!
Non-PDF special ignored!
Non-PDF special ignored!
Non-PDF special ignored!
Non-PDF special ignored!
Non-PDF special ignored!
Non-PDF special ignored!
Non-PDF special ignored!
Non-PDF special ignored!
Non-PDF special ignored!
Non-PDF special ignored!
Non-PDF special ignored!
Non-PDF special ignored!
Non-PDF special ignored!
Non-PDF special ignored!
Non-PDF special ignored!
Non-PDF special ignored!
Non-PDF special ignored!
Non-PDF special ignored!
Non-PDF special ignored!
Non-PDF special ignored!
Non-PDF special ignored!
Non-PDF special ignored!
Non-PDF special ignored!
Non-PDF special ignored!
Non-PDF special ignored!
Non-PDF special ignored!
Non-PDF special ignored!
Non-PDF special ignored!
Non-PDF special ignored!
Non-PDF special ignored!
Non-PDF special ignored!
Non-PDF special ignored!
Non-PDF special ignored!
Non-PDF special ignored!
Non-PDF special ignored!
Non-PDF special ignored!
Non-PDF special ignored!
Non-PDF special ignored!
Non-PDF special ignored!
Non-PDF special ignored!
Non-PDF special ignored!
Non-PDF special ignored!
Non-PDF special ignored!
Non-PDF special ignored!
Non-PDF special ignored!
Non-PDF special ignored!
Non-PDF special ignored!
Non-PDF special ignored!
Non-PDF special ignored!
Non-PDF special ignored!
Non-PDF special ignored!
Non-PDF special ignored!
Non-PDF special ignored!
Non-PDF special ignored!
Non-PDF special ignored!
Non-PDF special ignored!
Non-PDF special ignored!
Non-PDF special ignored!
Non-PDF special ignored!
Non-PDF special ignored!
Non-PDF special ignored!
Non-PDF special ignored!]
Overfull \vbox (4.0pt too high) has occurred while \output is active []


Overfull \vbox (9.0pt too high) has occurred while \output is active []


Overfull \hbox (307.28987pt too wide) has occurred while \output is active
[][][] 
 []

[21
Non-PDF special ignored!
Non-PDF special ignored!
Non-PDF special ignored!
Non-PDF special ignored!
Non-PDF special ignored!
Non-PDF special ignored!
Non-PDF special ignored!
Non-PDF special ignored!
Non-PDF special ignored!
Non-PDF special ignored!
Non-PDF special ignored!
Non-PDF special ignored!
Non-PDF special ignored!
Non-PDF special ignored!
Non-PDF special ignored!
Non-PDF special ignored!
Non-PDF special ignored!
Non-PDF special ignored!
Non-PDF special ignored!
Non-PDF special ignored!
Non-PDF special ignored!
Non-PDF special ignored!
Non-PDF special ignored!
Non-PDF special ignored!
Non-PDF special ignored!
Non-PDF special ignored!
Non-PDF special ignored!
Non-PDF special ignored!
Non-PDF special ignored!
Non-PDF special ignored!
Non-PDF special ignored!
Non-PDF special ignored!
Non-PDF special ignored!
Non-PDF special ignored!


Non-PDF special ignored!
Non-PDF special ignored!
Non-PDF special ignored!
Non-PDF special ignored!
Non-PDF special ignored!
Non-PDF special ignored!
Non-PDF special ignored!
Non-PDF special ignored!]
Overfull \vbox (11.0pt too high) has occurred while \output is active []


Overfull \hbox (307.28987pt too wide) in paragraph at lines 97--97
[][][]  
 []


Overfull \vbox (146.65825pt too high) detected at line 97
 []


Overfull \vbox (28.6pt too high) has occurred while \output is active []


Overfull \vbox (9.0pt too high) has occurred while \output is active []


Overfull \hbox (307.28987pt too wide) has occurred while \output is active
[][][] 
 []

[22
Non-PDF special ignored!
Non-PDF special ignored!
Non-PDF special ignored!
Non-PDF special ignored!
Non-PDF special ignored!
Non-PDF special ignored!
Non-PDF special ignored!
Non-PDF special ignored!
Non-PDF special ignored!
Non-PDF special ignored!
Non-PDF special ignored!
Non-PDF special ignored!
Non-PDF special ignored!
Non-PDF special ignored!
Non-PDF special ignored!
Non-PDF special ignored!
Non-PDF special ignored!
Non-PDF special ignored!
Non-PDF special ignored!
Non-PDF special ignored!
Non-PDF special ignored!
Non-PDF special ignored!
Non-PDF special ignored!
Non-PDF special ignored!
Non-PDF special ignored!
Non-PDF special ignored!
Non-PDF special ignored!
Non-PDF special ignored!
Non-PDF special ignored!
Non-PDF special ignored!
Non-PDF special ignored!
Non-PDF special ignored!
Non-PDF special ignored!
Non-PDF special ignored!
Non-PDF special ignored!
Non-PDF special ignored!
Non-PDF special ignored!
Non-PDF special ignored!
Non-PDF special ignored!
Non-PDF special ignored!
Non-PDF special ignored!
Non-PDF special ignored!
Non-PDF special ignored!
Non-PDF special ignored!
Non-PDF special ignored!
Non-PDF special ignored!
Non-PDF special ignored!
Non-PDF special ignored!
Non-PDF special ignored!
Non-PDF special ignored!
Non-PDF special ignored!
Non-PDF special ignored!
Non-PDF special ignored!
Non-PDF special ignored!
Non-PDF special ignored!
Non-PDF special ignored!
Non-PDF special ignored!
Non-PDF special ignored!
Non-PDF special ignored!
Non-PDF special ignored!
Non-PDF special ignored!
Non-PDF special ignored!
Non-PDF special ignored!
Non-PDF special ignored!
Non-PDF special ignored!
Non-PDF special ignored!
Non-PDF special ignored!
Non-PDF special ignored!
Non-PDF special ignored!
Non-PDF special ignored!
Non-PDF special ignored!
Non-PDF special ignored!
Non-PDF special ignored!
Non-PDF special ignored!
Non-PDF special ignored!
Non-PDF special ignored!
Non-PDF special ignored!
Non-PDF special ignored!
Non-PDF special ignored!
Non-PDF special ignored!
Non-PDF special ignored!
Non-PDF special ignored!
Non-PDF special ignored!
Non-PDF special ignored!
Non-PDF special ignored!
Non-PDF special ignored!
Non-PDF special ignored!
Non-PDF special ignored!
Non-PDF special ignored!
Non-PDF special ignored!
Non-PDF special ignored!
Non-PDF special ignored!
Non-PDF special ignored!
Non-PDF special ignored!
Non-PDF special ignored!
Non-PDF special ignored!
Non-PDF special ignored!
Non-PDF special ignored!
Non-PDF special ignored!
Non-PDF special ignored!]
Overfull \vbox (4.0pt too high) has occurred while \output is active []


Overfull \vbox (9.0pt too high) has occurred while \output is active []


Overfull \hbox (307.28987pt too wide) has occurred while \output is active
[][][] 
 []

[23
Non-PDF special ignored!
Non-PDF special ignored!
Non-PDF special ignored!
Non-PDF special ignored!
Non-PDF special ignored!
Non-PDF special ignored!
Non-PDF special ignored!
Non-PDF special ignored!
Non-PDF special ignored!
Non-PDF special ignored!
Non-PDF special ignored!
Non-PDF special ignored!
Non-PDF special ignored!
Non-PDF special ignored!
Non-PDF special ignored!
Non-PDF special ignored!
Non-PDF special ignored!
Non-PDF special ignored!
Non-PDF special ignored!
Non-PDF special ignored!
Non-PDF special ignored!
Non-PDF special ignored!
Non-PDF special ignored!
Non-PDF special ignored!
Non-PDF special ignored!
Non-PDF special ignored!
Non-PDF special ignored!
Non-PDF special ignored!
Non-PDF special ignored!
Non-PDF special ignored!
Non-PDF special ignored!
Non-PDF special ignored!
Non-PDF special ignored!
Non-PDF special ignored!


Non-PDF special ignored!
Non-PDF special ignored!
Non-PDF special ignored!
Non-PDF special ignored!
Non-PDF special ignored!
Non-PDF special ignored!
Non-PDF special ignored!
Non-PDF special ignored!]
Overfull \vbox (11.0pt too high) has occurred while \output is active []


Overfull \hbox (307.28987pt too wide) in paragraph at lines 117--117
[][][]  
 []


Overfull \vbox (161.26062pt too high) detected at line 117
 []


Overfull \vbox (28.6pt too high) has occurred while \output is active []


Overfull \vbox (9.0pt too high) has occurred while \output is active []


Overfull \hbox (307.28987pt too wide) has occurred while \output is active
[][][] 
 []

[24
Non-PDF special ignored!
Non-PDF special ignored!
Non-PDF special ignored!
Non-PDF special ignored!
Non-PDF special ignored!
Non-PDF special ignored!
Non-PDF special ignored!
Non-PDF special ignored!
Non-PDF special ignored!
Non-PDF special ignored!
Non-PDF special ignored!
Non-PDF special ignored!
Non-PDF special ignored!
Non-PDF special ignored!
Non-PDF special ignored!
Non-PDF special ignored!
Non-PDF special ignored!
Non-PDF special ignored!
Non-PDF special ignored!
Non-PDF special ignored!
Non-PDF special ignored!
Non-PDF special ignored!
Non-PDF special ignored!
Non-PDF special ignored!
Non-PDF special ignored!
Non-PDF special ignored!
Non-PDF special ignored!
Non-PDF special ignored!
Non-PDF special ignored!
Non-PDF special ignored!
Non-PDF special ignored!
Non-PDF special ignored!
Non-PDF special ignored!
Non-PDF special ignored!
Non-PDF special ignored!
Non-PDF special ignored!
Non-PDF special ignored!
Non-PDF special ignored!
Non-PDF special ignored!
Non-PDF special ignored!
Non-PDF special ignored!
Non-PDF special ignored!
Non-PDF special ignored!
Non-PDF special ignored!
Non-PDF special ignored!
Non-PDF special ignored!
Non-PDF special ignored!
Non-PDF special ignored!
Non-PDF special ignored!
Non-PDF special ignored!
Non-PDF special ignored!
Non-PDF special ignored!
Non-PDF special ignored!
Non-PDF special ignored!
Non-PDF special ignored!
Non-PDF special ignored!
Non-PDF special ignored!
Non-PDF special ignored!
Non-PDF special ignored!
Non-PDF special ignored!
Non-PDF special ignored!
Non-PDF special ignored!
Non-PDF special ignored!
Non-PDF special ignored!
Non-PDF special ignored!
Non-PDF special ignored!
Non-PDF special ignored!
Non-PDF special ignored!
Non-PDF special ignored!
Non-PDF special ignored!
Non-PDF special ignored!
Non-PDF special ignored!
Non-PDF special ignored!
Non-PDF special ignored!
Non-PDF special ignored!
Non-PDF special ignored!
Non-PDF special ignored!
Non-PDF special ignored!
Non-PDF special ignored!
Non-PDF special ignored!
Non-PDF special ignored!
Non-PDF special ignored!
Non-PDF special ignored!
Non-PDF special ignored!
Non-PDF special ignored!
Non-PDF special ignored!
Non-PDF special ignored!
Non-PDF special ignored!
Non-PDF special ignored!
Non-PDF special ignored!
Non-PDF special ignored!
Non-PDF special ignored!]
Overfull \vbox (4.0pt too high) has occurred while \output is active []


Overfull \vbox (9.0pt too high) has occurred while \output is active []


Overfull \hbox (307.28987pt too wide) has occurred while \output is active
[][][] 
 []

[25
Non-PDF special ignored!
Non-PDF special ignored!
Non-PDF special ignored!
Non-PDF special ignored!
Non-PDF special ignored!
Non-PDF special ignored!
Non-PDF special ignored!
Non-PDF special ignored!
Non-PDF special ignored!
Non-PDF special ignored!
Non-PDF special ignored!
Non-PDF special ignored!
Non-PDF special ignored!
Non-PDF special ignored!
Non-PDF special ignored!
Non-PDF special ignored!
Non-PDF special ignored!
Non-PDF special ignored!
Non-PDF special ignored!
Non-PDF special ignored!
Non-PDF special ignored!
Non-PDF special ignored!
Non-PDF special ignored!
Non-PDF special ignored!
Non-PDF special ignored!
Non-PDF special ignored!
Non-PDF special ignored!
Non-PDF special ignored!
Non-PDF special ignored!
Non-PDF special ignored!
Non-PDF special ignored!
Non-PDF special ignored!
Non-PDF special ignored!
Non-PDF special ignored!


Non-PDF special ignored!
Non-PDF special ignored!
Non-PDF special ignored!
Non-PDF special ignored!
Non-PDF special ignored!
Non-PDF special ignored!
Non-PDF special ignored!
Non-PDF special ignored!]
Overfull \vbox (11.0pt too high) has occurred while \output is active []


Overfull \hbox (307.28987pt too wide) in paragraph at lines 134--134
[][][]  
 []


Overfull \vbox (168.46242pt too high) detected at line 134
 []


Overfull \vbox (28.6pt too high) has occurred while \output is active []


Overfull \vbox (9.0pt too high) has occurred while \output is active []


Overfull \hbox (307.28987pt too wide) has occurred while \output is active
[][][] 
 []

[26
Non-PDF special ignored!
Non-PDF special ignored!
Non-PDF special ignored!
Non-PDF special ignored!
Non-PDF special ignored!
Non-PDF special ignored!
Non-PDF special ignored!
Non-PDF special ignored!
Non-PDF special ignored!
Non-PDF special ignored!
Non-PDF special ignored!
Non-PDF special ignored!
Non-PDF special ignored!
Non-PDF special ignored!
Non-PDF special ignored!
Non-PDF special ignored!
Non-PDF special ignored!
Non-PDF special ignored!
Non-PDF special ignored!
Non-PDF special ignored!
Non-PDF special ignored!
Non-PDF special ignored!
Non-PDF special ignored!
Non-PDF special ignored!
Non-PDF special ignored!
Non-PDF special ignored!
Non-PDF special ignored!
Non-PDF special ignored!
Non-PDF special ignored!
Non-PDF special ignored!
Non-PDF special ignored!
Non-PDF special ignored!
Non-PDF special ignored!
Non-PDF special ignored!
Non-PDF special ignored!
Non-PDF special ignored!
Non-PDF special ignored!
Non-PDF special ignored!
Non-PDF special ignored!
Non-PDF special ignored!
Non-PDF special ignored!
Non-PDF special ignored!
Non-PDF special ignored!
Non-PDF special ignored!
Non-PDF special ignored!
Non-PDF special ignored!
Non-PDF special ignored!
Non-PDF special ignored!
Non-PDF special ignored!
Non-PDF special ignored!
Non-PDF special ignored!
Non-PDF special ignored!
Non-PDF special ignored!
Non-PDF special ignored!
Non-PDF special ignored!
Non-PDF special ignored!
Non-PDF special ignored!
Non-PDF special ignored!
Non-PDF special ignored!
Non-PDF special ignored!
Non-PDF special ignored!
Non-PDF special ignored!
Non-PDF special ignored!
Non-PDF special ignored!
Non-PDF special ignored!
Non-PDF special ignored!
Non-PDF special ignored!
Non-PDF special ignored!
Non-PDF special ignored!
Non-PDF special ignored!
Non-PDF special ignored!
Non-PDF special ignored!]
Overfull \vbox (4.0pt too high) has occurred while \output is active []


Overfull \vbox (9.0pt too high) has occurred while \output is active []


Overfull \hbox (307.28987pt too wide) has occurred while \output is active
[][][] 
 []

[27
Non-PDF special ignored!
Non-PDF special ignored!
Non-PDF special ignored!
Non-PDF special ignored!
Non-PDF special ignored!
Non-PDF special ignored!
Non-PDF special ignored!
Non-PDF special ignored!
Non-PDF special ignored!
Non-PDF special ignored!
Non-PDF special ignored!
Non-PDF special ignored!
Non-PDF special ignored!
Non-PDF special ignored!
Non-PDF special ignored!
Non-PDF special ignored!
Non-PDF special ignored!
Non-PDF special ignored!
Non-PDF special ignored!
Non-PDF special ignored!
Non-PDF special ignored!
Non-PDF special ignored!
Non-PDF special ignored!
Non-PDF special ignored!
Non-PDF special ignored!
Non-PDF special ignored!
Non-PDF special ignored!
Non-PDF special ignored!
Non-PDF special ignored!
Non-PDF special ignored!
Non-PDF special ignored!
Non-PDF special ignored!
Non-PDF special ignored!
Non-PDF special ignored!


Non-PDF special ignored!
Non-PDF special ignored!
Non-PDF special ignored!
Non-PDF special ignored!
Non-PDF special ignored!
Non-PDF special ignored!
Non-PDF special ignored!
Non-PDF special ignored!]
Overfull \vbox (11.0pt too high) has occurred while \output is active []


Overfull \hbox (307.28987pt too wide) in paragraph at lines 156--156
[][][]  
 []


Overfull \vbox (179.96375pt too high) detected at line 156
 []


Overfull \vbox (28.6pt too high) has occurred while \output is active []


Overfull \vbox (9.0pt too high) has occurred while \output is active []


Overfull \hbox (307.28987pt too wide) has occurred while \output is active
[][][] 
 []

[28
Non-PDF special ignored!
Non-PDF special ignored!
Non-PDF special ignored!
Non-PDF special ignored!
Non-PDF special ignored!
Non-PDF special ignored!
Non-PDF special ignored!
Non-PDF special ignored!
Non-PDF special ignored!
Non-PDF special ignored!
Non-PDF special ignored!
Non-PDF special ignored!
Non-PDF special ignored!
Non-PDF special ignored!
Non-PDF special ignored!
Non-PDF special ignored!
Non-PDF special ignored!
Non-PDF special ignored!
Non-PDF special ignored!
Non-PDF special ignored!
Non-PDF special ignored!
Non-PDF special ignored!
Non-PDF special ignored!
Non-PDF special ignored!
Non-PDF special ignored!
Non-PDF special ignored!
Non-PDF special ignored!
Non-PDF special ignored!
Non-PDF special ignored!
Non-PDF special ignored!
Non-PDF special ignored!
Non-PDF special ignored!
Non-PDF special ignored!
Non-PDF special ignored!
Non-PDF special ignored!
Non-PDF special ignored!
Non-PDF special ignored!
Non-PDF special ignored!
Non-PDF special ignored!
Non-PDF special ignored!
Non-PDF special ignored!
Non-PDF special ignored!
Non-PDF special ignored!
Non-PDF special ignored!
Non-PDF special ignored!
Non-PDF special ignored!
Non-PDF special ignored!
Non-PDF special ignored!
Non-PDF special ignored!
Non-PDF special ignored!
Non-PDF special ignored!
Non-PDF special ignored!
Non-PDF special ignored!
Non-PDF special ignored!
Non-PDF special ignored!
Non-PDF special ignored!
Non-PDF special ignored!
Non-PDF special ignored!]
Overfull \vbox (4.0pt too high) has occurred while \output is active []


Overfull \vbox (9.0pt too high) has occurred while \output is active []


Overfull \hbox (307.28987pt too wide) has occurred while \output is active
[][][] 
 []

[29
Non-PDF special ignored!
Non-PDF special ignored!
Non-PDF special ignored!
Non-PDF special ignored!
Non-PDF special ignored!
Non-PDF special ignored!
Non-PDF special ignored!
Non-PDF special ignored!
Non-PDF special ignored!
Non-PDF special ignored!
Non-PDF special ignored!
Non-PDF special ignored!
Non-PDF special ignored!
Non-PDF special ignored!
Non-PDF special ignored!
Non-PDF special ignored!
Non-PDF special ignored!
Non-PDF special ignored!
Non-PDF special ignored!
Non-PDF special ignored!
Non-PDF special ignored!
Non-PDF special ignored!
Non-PDF special ignored!
Non-PDF special ignored!
Non-PDF special ignored!
Non-PDF special ignored!
Non-PDF special ignored!
Non-PDF special ignored!
Non-PDF special ignored!
Non-PDF special ignored!
Non-PDF special ignored!
Non-PDF special ignored!
Non-PDF special ignored!
Non-PDF special ignored!


Non-PDF special ignored!
Non-PDF special ignored!
Non-PDF special ignored!
Non-PDF special ignored!
Non-PDF special ignored!
Non-PDF special ignored!
Non-PDF special ignored!
Non-PDF special ignored!]
Overfull \vbox (11.0pt too high) has occurred while \output is active []


Overfull \hbox (307.28987pt too wide) in paragraph at lines 164--164
[][][]  
 []

(./tables/est_demand_y.tex)
Overfull \vbox (238.60277pt too high) detected at line 164
 []


Overfull \vbox (28.6pt too high) has occurred while \output is active []


Overfull \vbox (9.0pt too high) has occurred while \output is active []


Overfull \hbox (307.28987pt too wide) has occurred while \output is active
[][][] 
 []

[30
Non-PDF special ignored!
Non-PDF special ignored!
Non-PDF special ignored!
Non-PDF special ignored!
Non-PDF special ignored!
Non-PDF special ignored!
Non-PDF special ignored!
Non-PDF special ignored!
Non-PDF special ignored!
Non-PDF special ignored!
Non-PDF special ignored!
Non-PDF special ignored!
Non-PDF special ignored!
Non-PDF special ignored!
Non-PDF special ignored!
Non-PDF special ignored!
Non-PDF special ignored!
Non-PDF special ignored!
Non-PDF special ignored!
Non-PDF special ignored!
Non-PDF special ignored!
Non-PDF special ignored!
Non-PDF special ignored!
Non-PDF special ignored!
Non-PDF special ignored!
Non-PDF special ignored!
Non-PDF special ignored!
Non-PDF special ignored!
Non-PDF special ignored!
Non-PDF special ignored!
Non-PDF special ignored!
Non-PDF special ignored!
Non-PDF special ignored!
Non-PDF special ignored!
Non-PDF special ignored!
Non-PDF special ignored!
Non-PDF special ignored!
Non-PDF special ignored!
Non-PDF special ignored!
Non-PDF special ignored!
Non-PDF special ignored!
Non-PDF special ignored!
Non-PDF special ignored!
Non-PDF special ignored!
Non-PDF special ignored!
Non-PDF special ignored!
Non-PDF special ignored!
Non-PDF special ignored!
Non-PDF special ignored!
Non-PDF special ignored!
Non-PDF special ignored!
Non-PDF special ignored!
Non-PDF special ignored!
Non-PDF special ignored!
Non-PDF special ignored!
Non-PDF special ignored!
Non-PDF special ignored!
Non-PDF special ignored!
Non-PDF special ignored!
Non-PDF special ignored!
Non-PDF special ignored!
Non-PDF special ignored!
Non-PDF special ignored!
Non-PDF special ignored!
Non-PDF special ignored!
Non-PDF special ignored!
Non-PDF special ignored!
Non-PDF special ignored!
Non-PDF special ignored!
Non-PDF special ignored!
Non-PDF special ignored!
Non-PDF special ignored!
Non-PDF special ignored!
Non-PDF special ignored!
Non-PDF special ignored!
Non-PDF special ignored!
Non-PDF special ignored!
Non-PDF special ignored!
Non-PDF special ignored!
Non-PDF special ignored!
Non-PDF special ignored!
Non-PDF special ignored!]
Overfull \vbox (4.0pt too high) has occurred while \output is active []


Overfull \vbox (9.0pt too high) has occurred while \output is active []


Overfull \hbox (307.28987pt too wide) has occurred while \output is active
[][][] 
 []

[31
Non-PDF special ignored!
Non-PDF special ignored!
Non-PDF special ignored!
Non-PDF special ignored!
Non-PDF special ignored!
Non-PDF special ignored!
Non-PDF special ignored!
Non-PDF special ignored!
Non-PDF special ignored!
Non-PDF special ignored!
Non-PDF special ignored!
Non-PDF special ignored!
Non-PDF special ignored!
Non-PDF special ignored!
Non-PDF special ignored!
Non-PDF special ignored!
Non-PDF special ignored!
Non-PDF special ignored!
Non-PDF special ignored!
Non-PDF special ignored!
Non-PDF special ignored!
Non-PDF special ignored!
Non-PDF special ignored!
Non-PDF special ignored!
Non-PDF special ignored!
Non-PDF special ignored!
Non-PDF special ignored!
Non-PDF special ignored!
Non-PDF special ignored!
Non-PDF special ignored!
Non-PDF special ignored!
Non-PDF special ignored!
Non-PDF special ignored!
Non-PDF special ignored!


Non-PDF special ignored!
Non-PDF special ignored!
Non-PDF special ignored!
Non-PDF special ignored!
Non-PDF special ignored!
Non-PDF special ignored!
Non-PDF special ignored!
Non-PDF special ignored!]
Overfull \vbox (11.0pt too high) has occurred while \output is active []


Overfull \hbox (307.28987pt too wide) in paragraph at lines 178--178
[][][]  
 []

! Undefined control sequence.
<argument> \setbox \@tempboxa =\hbox {\XeTeXpicfile 
                                         "\Gin@@name "\GPT@space \ifx \Gin@page
l.178 \end{frame}
               
The control sequence at the end of the top line
of your error message was never \def'ed. If you have
misspelled it (e.g., `\hobx'), type `I' and the correct
spelling (e.g., `I\hbox'). Otherwise just continue,
and I'll forget about whatever was undefined.

File: figures/elasticidad_iv3.png Graphic file (type bmp)
<figures/elasticidad_iv3.png>

Overfull \vbox (100.52432pt too high) detected at line 178
 []


Overfull \vbox (28.6pt too high) has occurred while \output is active []


Overfull \vbox (9.0pt too high) has occurred while \output is active []


Overfull \hbox (307.28987pt too wide) has occurred while \output is active
[][][] 
 []

[32
Non-PDF special ignored!
Non-PDF special ignored!
Non-PDF special ignored!
Non-PDF special ignored!
Non-PDF special ignored!
Non-PDF special ignored!
Non-PDF special ignored!
Non-PDF special ignored!
Non-PDF special ignored!
Non-PDF special ignored!
Non-PDF special ignored!
Non-PDF special ignored!
Non-PDF special ignored!
Non-PDF special ignored!
Non-PDF special ignored!
Non-PDF special ignored!
Non-PDF special ignored!
Non-PDF special ignored!
Non-PDF special ignored!
Non-PDF special ignored!
Non-PDF special ignored!
Non-PDF special ignored!
Non-PDF special ignored!
Non-PDF special ignored!
Non-PDF special ignored!
Non-PDF special ignored!
Non-PDF special ignored!
Non-PDF special ignored!
Non-PDF special ignored!
Non-PDF special ignored!
Non-PDF special ignored!
Non-PDF special ignored!
Non-PDF special ignored!
Non-PDF special ignored!
Non-PDF special ignored!
Non-PDF special ignored!
Non-PDF special ignored!
Non-PDF special ignored!
Non-PDF special ignored!
Non-PDF special ignored!
Non-PDF special ignored!
Non-PDF special ignored!
Non-PDF special ignored!
Non-PDF special ignored!
Non-PDF special ignored!
Non-PDF special ignored!
Non-PDF special ignored!
Non-PDF special ignored!
Non-PDF special ignored!
Non-PDF special ignored!
Non-PDF special ignored!
Non-PDF special ignored!
Non-PDF special ignored!
Non-PDF special ignored!
Non-PDF special ignored!
Non-PDF special ignored!
Non-PDF special ignored!
Non-PDF special ignored!
Non-PDF special ignored!
Non-PDF special ignored!
Non-PDF special ignored!
Non-PDF special ignored!
Non-PDF special ignored!
Non-PDF special ignored!]
Overfull \vbox (4.0pt too high) has occurred while \output is active []


Overfull \vbox (9.0pt too high) has occurred while \output is active []


Overfull \hbox (307.28987pt too wide) has occurred while \output is active
[][][] 
 []

[33
Non-PDF special ignored!
Non-PDF special ignored!
Non-PDF special ignored!
Non-PDF special ignored!
Non-PDF special ignored!
Non-PDF special ignored!
Non-PDF special ignored!
Non-PDF special ignored!
Non-PDF special ignored!
Non-PDF special ignored!
Non-PDF special ignored!
Non-PDF special ignored!
Non-PDF special ignored!
Non-PDF special ignored!
Non-PDF special ignored!
Non-PDF special ignored!
Non-PDF special ignored!
Non-PDF special ignored!
Non-PDF special ignored!
Non-PDF special ignored!
Non-PDF special ignored!
Non-PDF special ignored!
Non-PDF special ignored!
Non-PDF special ignored!
Non-PDF special ignored!
Non-PDF special ignored!
Non-PDF special ignored!
Non-PDF special ignored!
Non-PDF special ignored!
Non-PDF special ignored!
Non-PDF special ignored!
Non-PDF special ignored!
Non-PDF special ignored!
Non-PDF special ignored!


Non-PDF special ignored!
Non-PDF special ignored!
Non-PDF special ignored!
Non-PDF special ignored!
Non-PDF special ignored!
Non-PDF special ignored!
Non-PDF special ignored!
Non-PDF special ignored!]
Overfull \vbox (11.0pt too high) has occurred while \output is active []


Overfull \hbox (307.28987pt too wide) in paragraph at lines 186--186
[][][]  
 []

(./tables/est_cost.tex)
Overfull \vbox (266.54843pt too high) detected at line 186
 []


Overfull \vbox (28.6pt too high) has occurred while \output is active []


Overfull \vbox (9.0pt too high) has occurred while \output is active []


Overfull \hbox (307.28987pt too wide) has occurred while \output is active
[][][] 
 []

[34
Non-PDF special ignored!
Non-PDF special ignored!
Non-PDF special ignored!
Non-PDF special ignored!
Non-PDF special ignored!
Non-PDF special ignored!
Non-PDF special ignored!
Non-PDF special ignored!
Non-PDF special ignored!
Non-PDF special ignored!
Non-PDF special ignored!
Non-PDF special ignored!
Non-PDF special ignored!
Non-PDF special ignored!
Non-PDF special ignored!
Non-PDF special ignored!
Non-PDF special ignored!
Non-PDF special ignored!
Non-PDF special ignored!
Non-PDF special ignored!
Non-PDF special ignored!
Non-PDF special ignored!
Non-PDF special ignored!
Non-PDF special ignored!
Non-PDF special ignored!
Non-PDF special ignored!
Non-PDF special ignored!
Non-PDF special ignored!
Non-PDF special ignored!
Non-PDF special ignored!
Non-PDF special ignored!
Non-PDF special ignored!
Non-PDF special ignored!
Non-PDF special ignored!
Non-PDF special ignored!
Non-PDF special ignored!
Non-PDF special ignored!
Non-PDF special ignored!
Non-PDF special ignored!
Non-PDF special ignored!
Non-PDF special ignored!
Non-PDF special ignored!
Non-PDF special ignored!
Non-PDF special ignored!
Non-PDF special ignored!
Non-PDF special ignored!
Non-PDF special ignored!
Non-PDF special ignored!
Non-PDF special ignored!
Non-PDF special ignored!
Non-PDF special ignored!
Non-PDF special ignored!
Non-PDF special ignored!
Non-PDF special ignored!
Non-PDF special ignored!
Non-PDF special ignored!
Non-PDF special ignored!
Non-PDF special ignored!
Non-PDF special ignored!
Non-PDF special ignored!
Non-PDF special ignored!
Non-PDF special ignored!
Non-PDF special ignored!
Non-PDF special ignored!
Non-PDF special ignored!
Non-PDF special ignored!]
Overfull \vbox (4.0pt too high) has occurred while \output is active []


Overfull \vbox (9.0pt too high) has occurred while \output is active []


Overfull \hbox (307.28987pt too wide) has occurred while \output is active
[][][] 
 []

[35
Non-PDF special ignored!
Non-PDF special ignored!
Non-PDF special ignored!
Non-PDF special ignored!
Non-PDF special ignored!
Non-PDF special ignored!
Non-PDF special ignored!
Non-PDF special ignored!
Non-PDF special ignored!
Non-PDF special ignored!
Non-PDF special ignored!
Non-PDF special ignored!
Non-PDF special ignored!
Non-PDF special ignored!
Non-PDF special ignored!
Non-PDF special ignored!
Non-PDF special ignored!
Non-PDF special ignored!
Non-PDF special ignored!
Non-PDF special ignored!
Non-PDF special ignored!
Non-PDF special ignored!
Non-PDF special ignored!
Non-PDF special ignored!
Non-PDF special ignored!
Non-PDF special ignored!
Non-PDF special ignored!
Non-PDF special ignored!
Non-PDF special ignored!
Non-PDF special ignored!
Non-PDF special ignored!
Non-PDF special ignored!
Non-PDF special ignored!
Non-PDF special ignored!


Non-PDF special ignored!
Non-PDF special ignored!
Non-PDF special ignored!
Non-PDF special ignored!
Non-PDF special ignored!
Non-PDF special ignored!
Non-PDF special ignored!
Non-PDF special ignored!]
Overfull \vbox (11.0pt too high) has occurred while \output is active []


Overfull \hbox (307.28987pt too wide) in paragraph at lines 198--198
[][][]  
 []


Overfull \vbox (196.46066pt too high) detected at line 198
 []


Overfull \vbox (28.6pt too high) has occurred while \output is active []


Overfull \vbox (9.0pt too high) has occurred while \output is active []


Overfull \hbox (307.28987pt too wide) has occurred while \output is active
[][][] 
 []

[36
Non-PDF special ignored!
Non-PDF special ignored!
Non-PDF special ignored!
Non-PDF special ignored!
Non-PDF special ignored!
Non-PDF special ignored!
Non-PDF special ignored!
Non-PDF special ignored!
Non-PDF special ignored!
Non-PDF special ignored!
Non-PDF special ignored!
Non-PDF special ignored!
Non-PDF special ignored!
Non-PDF special ignored!
Non-PDF special ignored!
Non-PDF special ignored!
Non-PDF special ignored!
Non-PDF special ignored!
Non-PDF special ignored!
Non-PDF special ignored!
Non-PDF special ignored!
Non-PDF special ignored!
Non-PDF special ignored!
Non-PDF special ignored!
Non-PDF special ignored!
Non-PDF special ignored!
Non-PDF special ignored!
Non-PDF special ignored!
Non-PDF special ignored!
Non-PDF special ignored!
Non-PDF special ignored!
Non-PDF special ignored!
Non-PDF special ignored!
Non-PDF special ignored!
Non-PDF special ignored!
Non-PDF special ignored!
Non-PDF special ignored!
Non-PDF special ignored!
Non-PDF special ignored!
Non-PDF special ignored!
Non-PDF special ignored!
Non-PDF special ignored!
Non-PDF special ignored!
Non-PDF special ignored!
Non-PDF special ignored!
Non-PDF special ignored!
Non-PDF special ignored!
Non-PDF special ignored!
Non-PDF special ignored!
Non-PDF special ignored!
Non-PDF special ignored!
Non-PDF special ignored!
Non-PDF special ignored!
Non-PDF special ignored!
Non-PDF special ignored!
Non-PDF special ignored!
Non-PDF special ignored!
Non-PDF special ignored!
Non-PDF special ignored!
Non-PDF special ignored!
Non-PDF special ignored!
Non-PDF special ignored!
Non-PDF special ignored!
Non-PDF special ignored!]
Overfull \vbox (4.0pt too high) has occurred while \output is active []


Overfull \vbox (9.0pt too high) has occurred while \output is active []


Overfull \hbox (307.28987pt too wide) has occurred while \output is active
[][][] 
 []

[37
Non-PDF special ignored!
Non-PDF special ignored!
Non-PDF special ignored!
Non-PDF special ignored!
Non-PDF special ignored!
Non-PDF special ignored!
Non-PDF special ignored!
Non-PDF special ignored!
Non-PDF special ignored!
Non-PDF special ignored!
Non-PDF special ignored!
Non-PDF special ignored!
Non-PDF special ignored!
Non-PDF special ignored!
Non-PDF special ignored!
Non-PDF special ignored!
Non-PDF special ignored!
Non-PDF special ignored!
Non-PDF special ignored!
Non-PDF special ignored!
Non-PDF special ignored!
Non-PDF special ignored!
Non-PDF special ignored!
Non-PDF special ignored!
Non-PDF special ignored!
Non-PDF special ignored!
Non-PDF special ignored!
Non-PDF special ignored!
Non-PDF special ignored!
Non-PDF special ignored!
Non-PDF special ignored!
Non-PDF special ignored!
Non-PDF special ignored!
Non-PDF special ignored!


Non-PDF special ignored!
Non-PDF special ignored!
Non-PDF special ignored!
Non-PDF special ignored!
Non-PDF special ignored!
Non-PDF special ignored!
Non-PDF special ignored!
Non-PDF special ignored!]
Overfull \vbox (11.0pt too high) has occurred while \output is active []


Overfull \vbox (196.46066pt too high) detected at line 198
 []


Overfull \vbox (28.6pt too high) has occurred while \output is active []


Overfull \vbox (9.0pt too high) has occurred while \output is active []


Overfull \hbox (307.28987pt too wide) has occurred while \output is active
[][][] 
 []

[38
Non-PDF special ignored!
Non-PDF special ignored!
Non-PDF special ignored!
Non-PDF special ignored!
Non-PDF special ignored!
Non-PDF special ignored!
Non-PDF special ignored!
Non-PDF special ignored!
Non-PDF special ignored!
Non-PDF special ignored!
Non-PDF special ignored!
Non-PDF special ignored!
Non-PDF special ignored!
Non-PDF special ignored!
Non-PDF special ignored!
Non-PDF special ignored!
Non-PDF special ignored!
Non-PDF special ignored!
Non-PDF special ignored!
Non-PDF special ignored!
Non-PDF special ignored!
Non-PDF special ignored!
Non-PDF special ignored!
Non-PDF special ignored!
Non-PDF special ignored!
Non-PDF special ignored!
Non-PDF special ignored!
Non-PDF special ignored!
Non-PDF special ignored!
Non-PDF special ignored!
Non-PDF special ignored!
Non-PDF special ignored!
Non-PDF special ignored!
Non-PDF special ignored!
Non-PDF special ignored!
Non-PDF special ignored!
Non-PDF special ignored!
Non-PDF special ignored!
Non-PDF special ignored!
Non-PDF special ignored!
Non-PDF special ignored!
Non-PDF special ignored!
Non-PDF special ignored!
Non-PDF special ignored!
Non-PDF special ignored!
Non-PDF special ignored!
Non-PDF special ignored!
Non-PDF special ignored!
Non-PDF special ignored!
Non-PDF special ignored!
Non-PDF special ignored!
Non-PDF special ignored!
Non-PDF special ignored!
Non-PDF special ignored!
Non-PDF special ignored!
Non-PDF special ignored!
Non-PDF special ignored!
Non-PDF special ignored!
Non-PDF special ignored!
Non-PDF special ignored!
Non-PDF special ignored!
Non-PDF special ignored!
Non-PDF special ignored!
Non-PDF special ignored!]
Overfull \vbox (4.0pt too high) has occurred while \output is active []


Overfull \vbox (9.0pt too high) has occurred while \output is active []


Overfull \hbox (307.28987pt too wide) has occurred while \output is active
[][][] 
 []

[39
Non-PDF special ignored!
Non-PDF special ignored!
Non-PDF special ignored!
Non-PDF special ignored!
Non-PDF special ignored!
Non-PDF special ignored!
Non-PDF special ignored!
Non-PDF special ignored!
Non-PDF special ignored!
Non-PDF special ignored!
Non-PDF special ignored!
Non-PDF special ignored!
Non-PDF special ignored!
Non-PDF special ignored!
Non-PDF special ignored!
Non-PDF special ignored!
Non-PDF special ignored!
Non-PDF special ignored!
Non-PDF special ignored!
Non-PDF special ignored!
Non-PDF special ignored!
Non-PDF special ignored!
Non-PDF special ignored!
Non-PDF special ignored!
Non-PDF special ignored!
Non-PDF special ignored!
Non-PDF special ignored!
Non-PDF special ignored!
Non-PDF special ignored!
Non-PDF special ignored!
Non-PDF special ignored!
Non-PDF special ignored!
Non-PDF special ignored!
Non-PDF special ignored!


Non-PDF special ignored!
Non-PDF special ignored!
Non-PDF special ignored!
Non-PDF special ignored!
Non-PDF special ignored!
Non-PDF special ignored!
Non-PDF special ignored!
Non-PDF special ignored!]
Overfull \vbox (11.0pt too high) has occurred while \output is active []


Overfull \vbox (196.46066pt too high) detected at line 198
 []


Overfull \vbox (28.6pt too high) has occurred while \output is active []


Overfull \vbox (9.0pt too high) has occurred while \output is active []


Overfull \hbox (307.28987pt too wide) has occurred while \output is active
[][][] 
 []

[40
Non-PDF special ignored!
Non-PDF special ignored!
Non-PDF special ignored!
Non-PDF special ignored!
Non-PDF special ignored!
Non-PDF special ignored!
Non-PDF special ignored!
Non-PDF special ignored!
Non-PDF special ignored!
Non-PDF special ignored!
Non-PDF special ignored!
Non-PDF special ignored!
Non-PDF special ignored!
Non-PDF special ignored!
Non-PDF special ignored!
Non-PDF special ignored!
Non-PDF special ignored!
Non-PDF special ignored!
Non-PDF special ignored!
Non-PDF special ignored!
Non-PDF special ignored!
Non-PDF special ignored!
Non-PDF special ignored!
Non-PDF special ignored!
Non-PDF special ignored!
Non-PDF special ignored!
Non-PDF special ignored!
Non-PDF special ignored!
Non-PDF special ignored!
Non-PDF special ignored!
Non-PDF special ignored!
Non-PDF special ignored!
Non-PDF special ignored!
Non-PDF special ignored!
Non-PDF special ignored!
Non-PDF special ignored!
Non-PDF special ignored!
Non-PDF special ignored!
Non-PDF special ignored!
Non-PDF special ignored!
Non-PDF special ignored!
Non-PDF special ignored!
Non-PDF special ignored!
Non-PDF special ignored!
Non-PDF special ignored!
Non-PDF special ignored!
Non-PDF special ignored!
Non-PDF special ignored!
Non-PDF special ignored!
Non-PDF special ignored!
Non-PDF special ignored!
Non-PDF special ignored!
Non-PDF special ignored!
Non-PDF special ignored!
Non-PDF special ignored!
Non-PDF special ignored!
Non-PDF special ignored!
Non-PDF special ignored!
Non-PDF special ignored!
Non-PDF special ignored!
Non-PDF special ignored!
Non-PDF special ignored!
Non-PDF special ignored!
Non-PDF special ignored!]
Overfull \vbox (4.0pt too high) has occurred while \output is active []


Overfull \vbox (9.0pt too high) has occurred while \output is active []


Overfull \hbox (307.28987pt too wide) has occurred while \output is active
[][][] 
 []

[41
Non-PDF special ignored!
Non-PDF special ignored!
Non-PDF special ignored!
Non-PDF special ignored!
Non-PDF special ignored!
Non-PDF special ignored!
Non-PDF special ignored!
Non-PDF special ignored!
Non-PDF special ignored!
Non-PDF special ignored!
Non-PDF special ignored!
Non-PDF special ignored!
Non-PDF special ignored!
Non-PDF special ignored!
Non-PDF special ignored!
Non-PDF special ignored!
Non-PDF special ignored!
Non-PDF special ignored!
Non-PDF special ignored!
Non-PDF special ignored!
Non-PDF special ignored!
Non-PDF special ignored!
Non-PDF special ignored!
Non-PDF special ignored!
Non-PDF special ignored!
Non-PDF special ignored!
Non-PDF special ignored!
Non-PDF special ignored!
Non-PDF special ignored!
Non-PDF special ignored!
Non-PDF special ignored!
Non-PDF special ignored!
Non-PDF special ignored!
Non-PDF special ignored!


Non-PDF special ignored!
Non-PDF special ignored!
Non-PDF special ignored!
Non-PDF special ignored!
Non-PDF special ignored!
Non-PDF special ignored!
Non-PDF special ignored!
Non-PDF special ignored!]
Overfull \vbox (11.0pt too high) has occurred while \output is active []


Overfull \hbox (307.28987pt too wide) in paragraph at lines 205--205
[][][]  
 []

(./tables/results_1.tex) (./tables/results_2.tex)
Overfull \vbox (211.7181pt too high) detected at line 205
 []


Overfull \vbox (28.6pt too high) has occurred while \output is active []


Overfull \vbox (9.0pt too high) has occurred while \output is active []


Overfull \hbox (307.28987pt too wide) has occurred while \output is active
[][][] 
 []

[42
Non-PDF special ignored!
Non-PDF special ignored!
Non-PDF special ignored!
Non-PDF special ignored!
Non-PDF special ignored!
Non-PDF special ignored!
Non-PDF special ignored!
Non-PDF special ignored!
Non-PDF special ignored!
Non-PDF special ignored!
Non-PDF special ignored!
Non-PDF special ignored!
Non-PDF special ignored!
Non-PDF special ignored!
Non-PDF special ignored!
Non-PDF special ignored!
Non-PDF special ignored!
Non-PDF special ignored!
Non-PDF special ignored!
Non-PDF special ignored!
Non-PDF special ignored!
Non-PDF special ignored!
Non-PDF special ignored!
Non-PDF special ignored!
Non-PDF special ignored!
Non-PDF special ignored!
Non-PDF special ignored!
Non-PDF special ignored!
Non-PDF special ignored!
Non-PDF special ignored!
Non-PDF special ignored!
Non-PDF special ignored!
Non-PDF special ignored!
Non-PDF special ignored!
Non-PDF special ignored!
Non-PDF special ignored!
Non-PDF special ignored!
Non-PDF special ignored!
Non-PDF special ignored!
Non-PDF special ignored!
Non-PDF special ignored!
Non-PDF special ignored!
Non-PDF special ignored!
Non-PDF special ignored!
Non-PDF special ignored!
Non-PDF special ignored!
Non-PDF special ignored!
Non-PDF special ignored!
Non-PDF special ignored!
Non-PDF special ignored!
Non-PDF special ignored!
Non-PDF special ignored!
Non-PDF special ignored!
Non-PDF special ignored!
Non-PDF special ignored!
Non-PDF special ignored!
Non-PDF special ignored!
Non-PDF special ignored!
Non-PDF special ignored!
Non-PDF special ignored!
Non-PDF special ignored!
Non-PDF special ignored!
Non-PDF special ignored!
Non-PDF special ignored!
Non-PDF special ignored!
Non-PDF special ignored!
Non-PDF special ignored!
Non-PDF special ignored!
Non-PDF special ignored!
Non-PDF special ignored!]
Overfull \vbox (4.0pt too high) has occurred while \output is active []


Overfull \vbox (9.0pt too high) has occurred while \output is active []


Overfull \hbox (307.28987pt too wide) has occurred while \output is active
[][][] 
 []

[43
Non-PDF special ignored!
Non-PDF special ignored!
Non-PDF special ignored!
Non-PDF special ignored!
Non-PDF special ignored!
Non-PDF special ignored!
Non-PDF special ignored!
Non-PDF special ignored!
Non-PDF special ignored!
Non-PDF special ignored!
Non-PDF special ignored!
Non-PDF special ignored!
Non-PDF special ignored!
Non-PDF special ignored!
Non-PDF special ignored!
Non-PDF special ignored!
Non-PDF special ignored!
Non-PDF special ignored!
Non-PDF special ignored!
Non-PDF special ignored!
Non-PDF special ignored!
Non-PDF special ignored!
Non-PDF special ignored!
Non-PDF special ignored!
Non-PDF special ignored!
Non-PDF special ignored!
Non-PDF special ignored!
Non-PDF special ignored!
Non-PDF special ignored!
Non-PDF special ignored!
Non-PDF special ignored!
Non-PDF special ignored!
Non-PDF special ignored!
Non-PDF special ignored!


Non-PDF special ignored!
Non-PDF special ignored!
Non-PDF special ignored!
Non-PDF special ignored!
Non-PDF special ignored!
Non-PDF special ignored!
Non-PDF special ignored!
Non-PDF special ignored!]
Overfull \vbox (11.0pt too high) has occurred while \output is active []


Overfull \hbox (307.28987pt too wide) in paragraph at lines 219--219
[][][]  
 []


Overfull \vbox (186.57712pt too high) detected at line 219
 []


Overfull \vbox (28.6pt too high) has occurred while \output is active []


Overfull \vbox (9.0pt too high) has occurred while \output is active []


Overfull \hbox (307.28987pt too wide) has occurred while \output is active
[][][] 
 []

[44
Non-PDF special ignored!
Non-PDF special ignored!
Non-PDF special ignored!
Non-PDF special ignored!
Non-PDF special ignored!
Non-PDF special ignored!
Non-PDF special ignored!
Non-PDF special ignored!
Non-PDF special ignored!
Non-PDF special ignored!
Non-PDF special ignored!
Non-PDF special ignored!
Non-PDF special ignored!
Non-PDF special ignored!
Non-PDF special ignored!
Non-PDF special ignored!
Non-PDF special ignored!
Non-PDF special ignored!
Non-PDF special ignored!
Non-PDF special ignored!
Non-PDF special ignored!
Non-PDF special ignored!
Non-PDF special ignored!
Non-PDF special ignored!
Non-PDF special ignored!
Non-PDF special ignored!
Non-PDF special ignored!
Non-PDF special ignored!
Non-PDF special ignored!
Non-PDF special ignored!
Non-PDF special ignored!
Non-PDF special ignored!
Non-PDF special ignored!
Non-PDF special ignored!
Non-PDF special ignored!
Non-PDF special ignored!
Non-PDF special ignored!
Non-PDF special ignored!
Non-PDF special ignored!
Non-PDF special ignored!
Non-PDF special ignored!
Non-PDF special ignored!
Non-PDF special ignored!
Non-PDF special ignored!
Non-PDF special ignored!
Non-PDF special ignored!
Non-PDF special ignored!
Non-PDF special ignored!
Non-PDF special ignored!
Non-PDF special ignored!
Non-PDF special ignored!
Non-PDF special ignored!
Non-PDF special ignored!
Non-PDF special ignored!
Non-PDF special ignored!
Non-PDF special ignored!
Non-PDF special ignored!
Non-PDF special ignored!
Non-PDF special ignored!
Non-PDF special ignored!
Non-PDF special ignored!
Non-PDF special ignored!
Non-PDF special ignored!
Non-PDF special ignored!
Non-PDF special ignored!
Non-PDF special ignored!
Non-PDF special ignored!
Non-PDF special ignored!
Non-PDF special ignored!
Non-PDF special ignored!
Non-PDF special ignored!
Non-PDF special ignored!
Non-PDF special ignored!
Non-PDF special ignored!
Non-PDF special ignored!
Non-PDF special ignored!
Non-PDF special ignored!
Non-PDF special ignored!
Non-PDF special ignored!
Non-PDF special ignored!
Non-PDF special ignored!
Non-PDF special ignored!
Non-PDF special ignored!
Non-PDF special ignored!
Non-PDF special ignored!
Non-PDF special ignored!
Non-PDF special ignored!
Non-PDF special ignored!]
Overfull \vbox (4.0pt too high) has occurred while \output is active []


Overfull \vbox (9.0pt too high) has occurred while \output is active []


Overfull \hbox (307.28987pt too wide) has occurred while \output is active
[][][] 
 []

[45
Non-PDF special ignored!
Non-PDF special ignored!
Non-PDF special ignored!
Non-PDF special ignored!
Non-PDF special ignored!
Non-PDF special ignored!
Non-PDF special ignored!
Non-PDF special ignored!
Non-PDF special ignored!
Non-PDF special ignored!
Non-PDF special ignored!
Non-PDF special ignored!
Non-PDF special ignored!
Non-PDF special ignored!
Non-PDF special ignored!
Non-PDF special ignored!
Non-PDF special ignored!
Non-PDF special ignored!
Non-PDF special ignored!
Non-PDF special ignored!
Non-PDF special ignored!
Non-PDF special ignored!
Non-PDF special ignored!
Non-PDF special ignored!
Non-PDF special ignored!
Non-PDF special ignored!
Non-PDF special ignored!
Non-PDF special ignored!
Non-PDF special ignored!
Non-PDF special ignored!
Non-PDF special ignored!
Non-PDF special ignored!
Non-PDF special ignored!
Non-PDF special ignored!


Non-PDF special ignored!
Non-PDF special ignored!
Non-PDF special ignored!
Non-PDF special ignored!
Non-PDF special ignored!
Non-PDF special ignored!
Non-PDF special ignored!
Non-PDF special ignored!]
Overfull \vbox (11.0pt too high) has occurred while \output is active []


Overfull \vbox (186.57712pt too high) detected at line 219
 []


Overfull \vbox (28.6pt too high) has occurred while \output is active []


Overfull \vbox (9.0pt too high) has occurred while \output is active []


Overfull \hbox (307.28987pt too wide) has occurred while \output is active
[][][] 
 []

[46
Non-PDF special ignored!
Non-PDF special ignored!
Non-PDF special ignored!
Non-PDF special ignored!
Non-PDF special ignored!
Non-PDF special ignored!
Non-PDF special ignored!
Non-PDF special ignored!
Non-PDF special ignored!
Non-PDF special ignored!
Non-PDF special ignored!
Non-PDF special ignored!
Non-PDF special ignored!
Non-PDF special ignored!
Non-PDF special ignored!
Non-PDF special ignored!
Non-PDF special ignored!
Non-PDF special ignored!
Non-PDF special ignored!
Non-PDF special ignored!
Non-PDF special ignored!
Non-PDF special ignored!
Non-PDF special ignored!
Non-PDF special ignored!
Non-PDF special ignored!
Non-PDF special ignored!
Non-PDF special ignored!
Non-PDF special ignored!
Non-PDF special ignored!
Non-PDF special ignored!
Non-PDF special ignored!
Non-PDF special ignored!
Non-PDF special ignored!
Non-PDF special ignored!
Non-PDF special ignored!
Non-PDF special ignored!
Non-PDF special ignored!
Non-PDF special ignored!
Non-PDF special ignored!
Non-PDF special ignored!
Non-PDF special ignored!
Non-PDF special ignored!
Non-PDF special ignored!
Non-PDF special ignored!
Non-PDF special ignored!
Non-PDF special ignored!
Non-PDF special ignored!
Non-PDF special ignored!
Non-PDF special ignored!
Non-PDF special ignored!
Non-PDF special ignored!
Non-PDF special ignored!
Non-PDF special ignored!
Non-PDF special ignored!
Non-PDF special ignored!
Non-PDF special ignored!
Non-PDF special ignored!
Non-PDF special ignored!
Non-PDF special ignored!
Non-PDF special ignored!
Non-PDF special ignored!
Non-PDF special ignored!
Non-PDF special ignored!
Non-PDF special ignored!
Non-PDF special ignored!
Non-PDF special ignored!
Non-PDF special ignored!
Non-PDF special ignored!
Non-PDF special ignored!
Non-PDF special ignored!
Non-PDF special ignored!
Non-PDF special ignored!
Non-PDF special ignored!
Non-PDF special ignored!
Non-PDF special ignored!
Non-PDF special ignored!
Non-PDF special ignored!
Non-PDF special ignored!
Non-PDF special ignored!
Non-PDF special ignored!
Non-PDF special ignored!
Non-PDF special ignored!
Non-PDF special ignored!
Non-PDF special ignored!
Non-PDF special ignored!
Non-PDF special ignored!
Non-PDF special ignored!
Non-PDF special ignored!]
Overfull \vbox (4.0pt too high) has occurred while \output is active []


Overfull \vbox (9.0pt too high) has occurred while \output is active []


Overfull \hbox (307.28987pt too wide) has occurred while \output is active
[][][] 
 []

[47
Non-PDF special ignored!
Non-PDF special ignored!
Non-PDF special ignored!
Non-PDF special ignored!
Non-PDF special ignored!
Non-PDF special ignored!
Non-PDF special ignored!
Non-PDF special ignored!
Non-PDF special ignored!
Non-PDF special ignored!
Non-PDF special ignored!
Non-PDF special ignored!
Non-PDF special ignored!
Non-PDF special ignored!
Non-PDF special ignored!
Non-PDF special ignored!
Non-PDF special ignored!
Non-PDF special ignored!
Non-PDF special ignored!
Non-PDF special ignored!
Non-PDF special ignored!
Non-PDF special ignored!
Non-PDF special ignored!
Non-PDF special ignored!
Non-PDF special ignored!
Non-PDF special ignored!
Non-PDF special ignored!
Non-PDF special ignored!
Non-PDF special ignored!
Non-PDF special ignored!
Non-PDF special ignored!
Non-PDF special ignored!
Non-PDF special ignored!
Non-PDF special ignored!


Non-PDF special ignored!
Non-PDF special ignored!
Non-PDF special ignored!
Non-PDF special ignored!
Non-PDF special ignored!
Non-PDF special ignored!
Non-PDF special ignored!
Non-PDF special ignored!]
Overfull \vbox (11.0pt too high) has occurred while \output is active []


Overfull \vbox (186.57712pt too high) detected at line 219
 []


Overfull \vbox (28.6pt too high) has occurred while \output is active []


Overfull \vbox (9.0pt too high) has occurred while \output is active []


Overfull \hbox (307.28987pt too wide) has occurred while \output is active
[][][] 
 []

[48
Non-PDF special ignored!
Non-PDF special ignored!
Non-PDF special ignored!
Non-PDF special ignored!
Non-PDF special ignored!
Non-PDF special ignored!
Non-PDF special ignored!
Non-PDF special ignored!
Non-PDF special ignored!
Non-PDF special ignored!
Non-PDF special ignored!
Non-PDF special ignored!
Non-PDF special ignored!
Non-PDF special ignored!
Non-PDF special ignored!
Non-PDF special ignored!
Non-PDF special ignored!
Non-PDF special ignored!
Non-PDF special ignored!
Non-PDF special ignored!
Non-PDF special ignored!
Non-PDF special ignored!
Non-PDF special ignored!
Non-PDF special ignored!
Non-PDF special ignored!
Non-PDF special ignored!
Non-PDF special ignored!
Non-PDF special ignored!
Non-PDF special ignored!
Non-PDF special ignored!
Non-PDF special ignored!
Non-PDF special ignored!
Non-PDF special ignored!
Non-PDF special ignored!
Non-PDF special ignored!
Non-PDF special ignored!
Non-PDF special ignored!
Non-PDF special ignored!
Non-PDF special ignored!
Non-PDF special ignored!
Non-PDF special ignored!
Non-PDF special ignored!
Non-PDF special ignored!
Non-PDF special ignored!
Non-PDF special ignored!
Non-PDF special ignored!
Non-PDF special ignored!
Non-PDF special ignored!
Non-PDF special ignored!
Non-PDF special ignored!
Non-PDF special ignored!
Non-PDF special ignored!
Non-PDF special ignored!
Non-PDF special ignored!
Non-PDF special ignored!
Non-PDF special ignored!
Non-PDF special ignored!
Non-PDF special ignored!
Non-PDF special ignored!
Non-PDF special ignored!
Non-PDF special ignored!
Non-PDF special ignored!
Non-PDF special ignored!
Non-PDF special ignored!
Non-PDF special ignored!
Non-PDF special ignored!
Non-PDF special ignored!
Non-PDF special ignored!
Non-PDF special ignored!
Non-PDF special ignored!
Non-PDF special ignored!
Non-PDF special ignored!
Non-PDF special ignored!
Non-PDF special ignored!
Non-PDF special ignored!
Non-PDF special ignored!
Non-PDF special ignored!
Non-PDF special ignored!
Non-PDF special ignored!
Non-PDF special ignored!
Non-PDF special ignored!
Non-PDF special ignored!
Non-PDF special ignored!
Non-PDF special ignored!
Non-PDF special ignored!
Non-PDF special ignored!
Non-PDF special ignored!
Non-PDF special ignored!]
Overfull \vbox (4.0pt too high) has occurred while \output is active []


Overfull \vbox (9.0pt too high) has occurred while \output is active []


Overfull \hbox (307.28987pt too wide) has occurred while \output is active
[][][] 
 []

[49
Non-PDF special ignored!
Non-PDF special ignored!
Non-PDF special ignored!
Non-PDF special ignored!
Non-PDF special ignored!
Non-PDF special ignored!
Non-PDF special ignored!
Non-PDF special ignored!
Non-PDF special ignored!
Non-PDF special ignored!
Non-PDF special ignored!
Non-PDF special ignored!
Non-PDF special ignored!
Non-PDF special ignored!
Non-PDF special ignored!
Non-PDF special ignored!
Non-PDF special ignored!
Non-PDF special ignored!
Non-PDF special ignored!
Non-PDF special ignored!
Non-PDF special ignored!
Non-PDF special ignored!
Non-PDF special ignored!
Non-PDF special ignored!
Non-PDF special ignored!
Non-PDF special ignored!
Non-PDF special ignored!
Non-PDF special ignored!
Non-PDF special ignored!
Non-PDF special ignored!
Non-PDF special ignored!
Non-PDF special ignored!
Non-PDF special ignored!
Non-PDF special ignored!


Non-PDF special ignored!
Non-PDF special ignored!
Non-PDF special ignored!
Non-PDF special ignored!
Non-PDF special ignored!
Non-PDF special ignored!
Non-PDF special ignored!
Non-PDF special ignored!]
Overfull \vbox (11.0pt too high) has occurred while \output is active []


Overfull \hbox (307.28987pt too wide) in paragraph at lines 235--235
[][][]  
 []


Overfull \vbox (192.42381pt too high) detected at line 235
 []


Overfull \vbox (28.6pt too high) has occurred while \output is active []


Overfull \vbox (9.0pt too high) has occurred while \output is active []


Overfull \hbox (307.28987pt too wide) has occurred while \output is active
[][][] 
 []

[50
Non-PDF special ignored!
Non-PDF special ignored!
Non-PDF special ignored!
Non-PDF special ignored!
Non-PDF special ignored!
Non-PDF special ignored!
Non-PDF special ignored!
Non-PDF special ignored!
Non-PDF special ignored!
Non-PDF special ignored!
Non-PDF special ignored!
Non-PDF special ignored!
Non-PDF special ignored!
Non-PDF special ignored!
Non-PDF special ignored!
Non-PDF special ignored!
Non-PDF special ignored!
Non-PDF special ignored!
Non-PDF special ignored!
Non-PDF special ignored!
Non-PDF special ignored!
Non-PDF special ignored!
Non-PDF special ignored!
Non-PDF special ignored!
Non-PDF special ignored!
Non-PDF special ignored!
Non-PDF special ignored!
Non-PDF special ignored!
Non-PDF special ignored!
Non-PDF special ignored!
Non-PDF special ignored!
Non-PDF special ignored!
Non-PDF special ignored!
Non-PDF special ignored!
Non-PDF special ignored!
Non-PDF special ignored!
Non-PDF special ignored!
Non-PDF special ignored!
Non-PDF special ignored!
Non-PDF special ignored!
Non-PDF special ignored!
Non-PDF special ignored!
Non-PDF special ignored!
Non-PDF special ignored!
Non-PDF special ignored!
Non-PDF special ignored!
Non-PDF special ignored!
Non-PDF special ignored!
Non-PDF special ignored!
Non-PDF special ignored!
Non-PDF special ignored!
Non-PDF special ignored!
Non-PDF special ignored!
Non-PDF special ignored!
Non-PDF special ignored!
Non-PDF special ignored!
Non-PDF special ignored!
Non-PDF special ignored!
Non-PDF special ignored!
Non-PDF special ignored!]
Overfull \vbox (4.0pt too high) has occurred while \output is active []


Overfull \vbox (9.0pt too high) has occurred while \output is active []


Overfull \hbox (307.28987pt too wide) has occurred while \output is active
[][][] 
 []

[51
Non-PDF special ignored!
Non-PDF special ignored!
Non-PDF special ignored!
Non-PDF special ignored!
Non-PDF special ignored!
Non-PDF special ignored!
Non-PDF special ignored!
Non-PDF special ignored!
Non-PDF special ignored!
Non-PDF special ignored!
Non-PDF special ignored!
Non-PDF special ignored!
Non-PDF special ignored!
Non-PDF special ignored!
Non-PDF special ignored!
Non-PDF special ignored!
Non-PDF special ignored!
Non-PDF special ignored!
Non-PDF special ignored!
Non-PDF special ignored!
Non-PDF special ignored!
Non-PDF special ignored!
Non-PDF special ignored!
Non-PDF special ignored!
Non-PDF special ignored!
Non-PDF special ignored!
Non-PDF special ignored!
Non-PDF special ignored!
Non-PDF special ignored!
Non-PDF special ignored!
Non-PDF special ignored!
Non-PDF special ignored!
Non-PDF special ignored!
Non-PDF special ignored!


Non-PDF special ignored!
Non-PDF special ignored!
Non-PDF special ignored!
Non-PDF special ignored!
Non-PDF special ignored!
Non-PDF special ignored!
Non-PDF special ignored!
Non-PDF special ignored!]
Overfull \vbox (11.0pt too high) has occurred while \output is active []


Overfull \vbox (192.42381pt too high) detected at line 235
 []


Overfull \vbox (28.6pt too high) has occurred while \output is active []


Overfull \vbox (9.0pt too high) has occurred while \output is active []


Overfull \hbox (307.28987pt too wide) has occurred while \output is active
[][][] 
 []

[52
Non-PDF special ignored!
Non-PDF special ignored!
Non-PDF special ignored!
Non-PDF special ignored!
Non-PDF special ignored!
Non-PDF special ignored!
Non-PDF special ignored!
Non-PDF special ignored!
Non-PDF special ignored!
Non-PDF special ignored!
Non-PDF special ignored!
Non-PDF special ignored!
Non-PDF special ignored!
Non-PDF special ignored!
Non-PDF special ignored!
Non-PDF special ignored!
Non-PDF special ignored!
Non-PDF special ignored!
Non-PDF special ignored!
Non-PDF special ignored!
Non-PDF special ignored!
Non-PDF special ignored!
Non-PDF special ignored!
Non-PDF special ignored!
Non-PDF special ignored!
Non-PDF special ignored!
Non-PDF special ignored!
Non-PDF special ignored!
Non-PDF special ignored!
Non-PDF special ignored!
Non-PDF special ignored!
Non-PDF special ignored!
Non-PDF special ignored!
Non-PDF special ignored!
Non-PDF special ignored!
Non-PDF special ignored!
Non-PDF special ignored!
Non-PDF special ignored!
Non-PDF special ignored!
Non-PDF special ignored!
Non-PDF special ignored!
Non-PDF special ignored!
Non-PDF special ignored!
Non-PDF special ignored!
Non-PDF special ignored!
Non-PDF special ignored!
Non-PDF special ignored!
Non-PDF special ignored!
Non-PDF special ignored!
Non-PDF special ignored!
Non-PDF special ignored!
Non-PDF special ignored!
Non-PDF special ignored!
Non-PDF special ignored!
Non-PDF special ignored!
Non-PDF special ignored!
Non-PDF special ignored!
Non-PDF special ignored!
Non-PDF special ignored!
Non-PDF special ignored!]
Overfull \vbox (4.0pt too high) has occurred while \output is active []


Overfull \vbox (9.0pt too high) has occurred while \output is active []


Overfull \hbox (307.28987pt too wide) has occurred while \output is active
[][][] 
 []

[53
Non-PDF special ignored!
Non-PDF special ignored!
Non-PDF special ignored!
Non-PDF special ignored!
Non-PDF special ignored!
Non-PDF special ignored!
Non-PDF special ignored!
Non-PDF special ignored!
Non-PDF special ignored!
Non-PDF special ignored!
Non-PDF special ignored!
Non-PDF special ignored!
Non-PDF special ignored!
Non-PDF special ignored!
Non-PDF special ignored!
Non-PDF special ignored!
Non-PDF special ignored!
Non-PDF special ignored!
Non-PDF special ignored!
Non-PDF special ignored!
Non-PDF special ignored!
Non-PDF special ignored!
Non-PDF special ignored!
Non-PDF special ignored!
Non-PDF special ignored!
Non-PDF special ignored!
Non-PDF special ignored!
Non-PDF special ignored!
Non-PDF special ignored!
Non-PDF special ignored!
Non-PDF special ignored!
Non-PDF special ignored!
Non-PDF special ignored!
Non-PDF special ignored!


Non-PDF special ignored!
Non-PDF special ignored!
Non-PDF special ignored!
Non-PDF special ignored!
Non-PDF special ignored!
Non-PDF special ignored!
Non-PDF special ignored!
Non-PDF special ignored!]
Overfull \vbox (11.0pt too high) has occurred while \output is active []


Overfull \hbox (307.28987pt too wide) in paragraph at lines 247--247
[][][]  
 []

(./tables/descomp_g.tex
Overfull \hbox (21.9pt too wide) in paragraph at lines 4--4
[][]
 []


Underfull \hbox (badness 10000) in paragraph at lines 4--4

 []

)
Overfull \vbox (187.67812pt too high) detected at line 247
 []


Overfull \vbox (28.6pt too high) has occurred while \output is active []


Overfull \vbox (9.0pt too high) has occurred while \output is active []


Overfull \hbox (307.28987pt too wide) has occurred while \output is active
[][][] 
 []

[54
Non-PDF special ignored!
Non-PDF special ignored!
Non-PDF special ignored!
Non-PDF special ignored!
Non-PDF special ignored!
Non-PDF special ignored!
Non-PDF special ignored!
Non-PDF special ignored!
Non-PDF special ignored!
Non-PDF special ignored!
Non-PDF special ignored!
Non-PDF special ignored!
Non-PDF special ignored!
Non-PDF special ignored!
Non-PDF special ignored!
Non-PDF special ignored!
Non-PDF special ignored!
Non-PDF special ignored!
Non-PDF special ignored!
Non-PDF special ignored!
Non-PDF special ignored!
Non-PDF special ignored!
Non-PDF special ignored!
Non-PDF special ignored!
Non-PDF special ignored!
Non-PDF special ignored!
Non-PDF special ignored!
Non-PDF special ignored!
Non-PDF special ignored!
Non-PDF special ignored!
Non-PDF special ignored!
Non-PDF special ignored!
Non-PDF special ignored!
Non-PDF special ignored!
Non-PDF special ignored!
Non-PDF special ignored!
Non-PDF special ignored!
Non-PDF special ignored!
Non-PDF special ignored!
Non-PDF special ignored!
Non-PDF special ignored!
Non-PDF special ignored!
Non-PDF special ignored!
Non-PDF special ignored!
Non-PDF special ignored!
Non-PDF special ignored!
Non-PDF special ignored!
Non-PDF special ignored!
Non-PDF special ignored!
Non-PDF special ignored!
Non-PDF special ignored!
Non-PDF special ignored!
Non-PDF special ignored!
Non-PDF special ignored!
Non-PDF special ignored!
Non-PDF special ignored!
Non-PDF special ignored!
Non-PDF special ignored!
Non-PDF special ignored!
Non-PDF special ignored!
Non-PDF special ignored!
Non-PDF special ignored!
Non-PDF special ignored!
Non-PDF special ignored!
Non-PDF special ignored!
Non-PDF special ignored!
Non-PDF special ignored!
Non-PDF special ignored!
Non-PDF special ignored!
Non-PDF special ignored!
Non-PDF special ignored!
Non-PDF special ignored!
Non-PDF special ignored!
Non-PDF special ignored!
Non-PDF special ignored!
Non-PDF special ignored!
Non-PDF special ignored!
Non-PDF special ignored!]
Overfull \vbox (4.0pt too high) has occurred while \output is active []


Overfull \vbox (9.0pt too high) has occurred while \output is active []


Overfull \hbox (307.28987pt too wide) has occurred while \output is active
[][][] 
 []

[55
Non-PDF special ignored!
Non-PDF special ignored!
Non-PDF special ignored!
Non-PDF special ignored!
Non-PDF special ignored!
Non-PDF special ignored!
Non-PDF special ignored!
Non-PDF special ignored!
Non-PDF special ignored!
Non-PDF special ignored!
Non-PDF special ignored!
Non-PDF special ignored!
Non-PDF special ignored!
Non-PDF special ignored!
Non-PDF special ignored!
Non-PDF special ignored!
Non-PDF special ignored!
Non-PDF special ignored!
Non-PDF special ignored!
Non-PDF special ignored!
Non-PDF special ignored!
Non-PDF special ignored!
Non-PDF special ignored!
Non-PDF special ignored!
Non-PDF special ignored!
Non-PDF special ignored!
Non-PDF special ignored!
Non-PDF special ignored!
Non-PDF special ignored!
Non-PDF special ignored!
Non-PDF special ignored!
Non-PDF special ignored!
Non-PDF special ignored!
Non-PDF special ignored!


Non-PDF special ignored!
Non-PDF special ignored!
Non-PDF special ignored!
Non-PDF special ignored!
Non-PDF special ignored!
Non-PDF special ignored!
Non-PDF special ignored!
Non-PDF special ignored!]
Overfull \vbox (11.0pt too high) has occurred while \output is active []


Overfull \hbox (307.28987pt too wide) in paragraph at lines 262--262
[][][]  
 []


Overfull \vbox (224.12442pt too high) detected at line 262
 []


Overfull \vbox (28.6pt too high) has occurred while \output is active []


Overfull \vbox (9.0pt too high) has occurred while \output is active []


Overfull \hbox (307.28987pt too wide) has occurred while \output is active
[][][] 
 []

[56
Non-PDF special ignored!
Non-PDF special ignored!
Non-PDF special ignored!
Non-PDF special ignored!
Non-PDF special ignored!
Non-PDF special ignored!
Non-PDF special ignored!
Non-PDF special ignored!
Non-PDF special ignored!
Non-PDF special ignored!
Non-PDF special ignored!
Non-PDF special ignored!
Non-PDF special ignored!
Non-PDF special ignored!
Non-PDF special ignored!
Non-PDF special ignored!
Non-PDF special ignored!
Non-PDF special ignored!
Non-PDF special ignored!
Non-PDF special ignored!
Non-PDF special ignored!
Non-PDF special ignored!
Non-PDF special ignored!
Non-PDF special ignored!
Non-PDF special ignored!
Non-PDF special ignored!
Non-PDF special ignored!
Non-PDF special ignored!
Non-PDF special ignored!
Non-PDF special ignored!
Non-PDF special ignored!
Non-PDF special ignored!
Non-PDF special ignored!
Non-PDF special ignored!
Non-PDF special ignored!
Non-PDF special ignored!
Non-PDF special ignored!
Non-PDF special ignored!
Non-PDF special ignored!
Non-PDF special ignored!
Non-PDF special ignored!
Non-PDF special ignored!
Non-PDF special ignored!
Non-PDF special ignored!
Non-PDF special ignored!
Non-PDF special ignored!
Non-PDF special ignored!
Non-PDF special ignored!
Non-PDF special ignored!
Non-PDF special ignored!
Non-PDF special ignored!
Non-PDF special ignored!
Non-PDF special ignored!
Non-PDF special ignored!
Non-PDF special ignored!
Non-PDF special ignored!
Non-PDF special ignored!
Non-PDF special ignored!
Non-PDF special ignored!
Non-PDF special ignored!
Non-PDF special ignored!
Non-PDF special ignored!
Non-PDF special ignored!
Non-PDF special ignored!
Non-PDF special ignored!
Non-PDF special ignored!
Non-PDF special ignored!
Non-PDF special ignored!]
Overfull \vbox (4.0pt too high) has occurred while \output is active []


Overfull \vbox (9.0pt too high) has occurred while \output is active []


Overfull \hbox (307.28987pt too wide) has occurred while \output is active
[][][] 
 []

[57
Non-PDF special ignored!
Non-PDF special ignored!
Non-PDF special ignored!
Non-PDF special ignored!
Non-PDF special ignored!
Non-PDF special ignored!
Non-PDF special ignored!
Non-PDF special ignored!
Non-PDF special ignored!
Non-PDF special ignored!
Non-PDF special ignored!
Non-PDF special ignored!
Non-PDF special ignored!
Non-PDF special ignored!
Non-PDF special ignored!
Non-PDF special ignored!
Non-PDF special ignored!
Non-PDF special ignored!
Non-PDF special ignored!
Non-PDF special ignored!
Non-PDF special ignored!
Non-PDF special ignored!
Non-PDF special ignored!
Non-PDF special ignored!
Non-PDF special ignored!
Non-PDF special ignored!
Non-PDF special ignored!
Non-PDF special ignored!
Non-PDF special ignored!
Non-PDF special ignored!
Non-PDF special ignored!
Non-PDF special ignored!
Non-PDF special ignored!
Non-PDF special ignored!


Non-PDF special ignored!
Non-PDF special ignored!
Non-PDF special ignored!
Non-PDF special ignored!
Non-PDF special ignored!
Non-PDF special ignored!
Non-PDF special ignored!
Non-PDF special ignored!]
Overfull \vbox (11.0pt too high) has occurred while \output is active []


Overfull \vbox (224.12442pt too high) detected at line 262
 []


Overfull \vbox (28.6pt too high) has occurred while \output is active []


Overfull \vbox (9.0pt too high) has occurred while \output is active []


Overfull \hbox (307.28987pt too wide) has occurred while \output is active
[][][] 
 []

[58
Non-PDF special ignored!
Non-PDF special ignored!
Non-PDF special ignored!
Non-PDF special ignored!
Non-PDF special ignored!
Non-PDF special ignored!
Non-PDF special ignored!
Non-PDF special ignored!
Non-PDF special ignored!
Non-PDF special ignored!
Non-PDF special ignored!
Non-PDF special ignored!
Non-PDF special ignored!
Non-PDF special ignored!
Non-PDF special ignored!
Non-PDF special ignored!
Non-PDF special ignored!
Non-PDF special ignored!
Non-PDF special ignored!
Non-PDF special ignored!
Non-PDF special ignored!
Non-PDF special ignored!
Non-PDF special ignored!
Non-PDF special ignored!
Non-PDF special ignored!
Non-PDF special ignored!
Non-PDF special ignored!
Non-PDF special ignored!
Non-PDF special ignored!
Non-PDF special ignored!
Non-PDF special ignored!
Non-PDF special ignored!
Non-PDF special ignored!
Non-PDF special ignored!
Non-PDF special ignored!
Non-PDF special ignored!
Non-PDF special ignored!
Non-PDF special ignored!
Non-PDF special ignored!
Non-PDF special ignored!
Non-PDF special ignored!
Non-PDF special ignored!
Non-PDF special ignored!
Non-PDF special ignored!
Non-PDF special ignored!
Non-PDF special ignored!
Non-PDF special ignored!
Non-PDF special ignored!
Non-PDF special ignored!
Non-PDF special ignored!
Non-PDF special ignored!
Non-PDF special ignored!
Non-PDF special ignored!
Non-PDF special ignored!
Non-PDF special ignored!
Non-PDF special ignored!
Non-PDF special ignored!
Non-PDF special ignored!
Non-PDF special ignored!
Non-PDF special ignored!
Non-PDF special ignored!
Non-PDF special ignored!
Non-PDF special ignored!
Non-PDF special ignored!
Non-PDF special ignored!
Non-PDF special ignored!
Non-PDF special ignored!
Non-PDF special ignored!]
Overfull \vbox (4.0pt too high) has occurred while \output is active []


Overfull \vbox (9.0pt too high) has occurred while \output is active []


Overfull \hbox (307.28987pt too wide) has occurred while \output is active
[][][] 
 []

[59
Non-PDF special ignored!
Non-PDF special ignored!
Non-PDF special ignored!
Non-PDF special ignored!
Non-PDF special ignored!
Non-PDF special ignored!
Non-PDF special ignored!
Non-PDF special ignored!
Non-PDF special ignored!
Non-PDF special ignored!
Non-PDF special ignored!
Non-PDF special ignored!
Non-PDF special ignored!
Non-PDF special ignored!
Non-PDF special ignored!
Non-PDF special ignored!
Non-PDF special ignored!
Non-PDF special ignored!
Non-PDF special ignored!
Non-PDF special ignored!
Non-PDF special ignored!
Non-PDF special ignored!
Non-PDF special ignored!
Non-PDF special ignored!
Non-PDF special ignored!
Non-PDF special ignored!
Non-PDF special ignored!
Non-PDF special ignored!
Non-PDF special ignored!
Non-PDF special ignored!
Non-PDF special ignored!
Non-PDF special ignored!
Non-PDF special ignored!
Non-PDF special ignored!


Non-PDF special ignored!
Non-PDF special ignored!
Non-PDF special ignored!
Non-PDF special ignored!
Non-PDF special ignored!
Non-PDF special ignored!
Non-PDF special ignored!
Non-PDF special ignored!]
Overfull \vbox (11.0pt too high) has occurred while \output is active []


Overfull \vbox (224.12442pt too high) detected at line 262
 []


Overfull \vbox (28.6pt too high) has occurred while \output is active []


Overfull \vbox (9.0pt too high) has occurred while \output is active []


Overfull \hbox (307.28987pt too wide) has occurred while \output is active
[][][] 
 []

[60
Non-PDF special ignored!
Non-PDF special ignored!
Non-PDF special ignored!
Non-PDF special ignored!
Non-PDF special ignored!
Non-PDF special ignored!
Non-PDF special ignored!
Non-PDF special ignored!
Non-PDF special ignored!
Non-PDF special ignored!
Non-PDF special ignored!
Non-PDF special ignored!
Non-PDF special ignored!
Non-PDF special ignored!
Non-PDF special ignored!
Non-PDF special ignored!
Non-PDF special ignored!
Non-PDF special ignored!
Non-PDF special ignored!
Non-PDF special ignored!
Non-PDF special ignored!
Non-PDF special ignored!
Non-PDF special ignored!
Non-PDF special ignored!
Non-PDF special ignored!
Non-PDF special ignored!
Non-PDF special ignored!
Non-PDF special ignored!
Non-PDF special ignored!
Non-PDF special ignored!
Non-PDF special ignored!
Non-PDF special ignored!
Non-PDF special ignored!
Non-PDF special ignored!
Non-PDF special ignored!
Non-PDF special ignored!
Non-PDF special ignored!
Non-PDF special ignored!
Non-PDF special ignored!
Non-PDF special ignored!
Non-PDF special ignored!
Non-PDF special ignored!
Non-PDF special ignored!
Non-PDF special ignored!
Non-PDF special ignored!
Non-PDF special ignored!
Non-PDF special ignored!
Non-PDF special ignored!
Non-PDF special ignored!
Non-PDF special ignored!
Non-PDF special ignored!
Non-PDF special ignored!
Non-PDF special ignored!
Non-PDF special ignored!
Non-PDF special ignored!
Non-PDF special ignored!
Non-PDF special ignored!
Non-PDF special ignored!
Non-PDF special ignored!
Non-PDF special ignored!
Non-PDF special ignored!
Non-PDF special ignored!
Non-PDF special ignored!
Non-PDF special ignored!
Non-PDF special ignored!
Non-PDF special ignored!
Non-PDF special ignored!
Non-PDF special ignored!]
Overfull \vbox (4.0pt too high) has occurred while \output is active []


Overfull \vbox (9.0pt too high) has occurred while \output is active []


Overfull \hbox (307.28987pt too wide) has occurred while \output is active
[][][] 
 []

[61
Non-PDF special ignored!
Non-PDF special ignored!
Non-PDF special ignored!
Non-PDF special ignored!
Non-PDF special ignored!
Non-PDF special ignored!
Non-PDF special ignored!
Non-PDF special ignored!
Non-PDF special ignored!
Non-PDF special ignored!
Non-PDF special ignored!
Non-PDF special ignored!
Non-PDF special ignored!
Non-PDF special ignored!
Non-PDF special ignored!
Non-PDF special ignored!
Non-PDF special ignored!
Non-PDF special ignored!
Non-PDF special ignored!
Non-PDF special ignored!
Non-PDF special ignored!
Non-PDF special ignored!
Non-PDF special ignored!
Non-PDF special ignored!
Non-PDF special ignored!
Non-PDF special ignored!
Non-PDF special ignored!
Non-PDF special ignored!
Non-PDF special ignored!
Non-PDF special ignored!
Non-PDF special ignored!
Non-PDF special ignored!
Non-PDF special ignored!
Non-PDF special ignored!


Non-PDF special ignored!
Non-PDF special ignored!
Non-PDF special ignored!
Non-PDF special ignored!
Non-PDF special ignored!
Non-PDF special ignored!
Non-PDF special ignored!
Non-PDF special ignored!]
Overfull \vbox (11.0pt too high) has occurred while \output is active []


Overfull \vbox (224.12442pt too high) detected at line 262
 []


Overfull \vbox (28.6pt too high) has occurred while \output is active []


Overfull \vbox (9.0pt too high) has occurred while \output is active []


Overfull \hbox (307.28987pt too wide) has occurred while \output is active
[][][] 
 []

[62
Non-PDF special ignored!
Non-PDF special ignored!
Non-PDF special ignored!
Non-PDF special ignored!
Non-PDF special ignored!
Non-PDF special ignored!
Non-PDF special ignored!
Non-PDF special ignored!
Non-PDF special ignored!
Non-PDF special ignored!
Non-PDF special ignored!
Non-PDF special ignored!
Non-PDF special ignored!
Non-PDF special ignored!
Non-PDF special ignored!
Non-PDF special ignored!
Non-PDF special ignored!
Non-PDF special ignored!
Non-PDF special ignored!
Non-PDF special ignored!
Non-PDF special ignored!
Non-PDF special ignored!
Non-PDF special ignored!
Non-PDF special ignored!
Non-PDF special ignored!
Non-PDF special ignored!
Non-PDF special ignored!
Non-PDF special ignored!
Non-PDF special ignored!
Non-PDF special ignored!
Non-PDF special ignored!
Non-PDF special ignored!
Non-PDF special ignored!
Non-PDF special ignored!
Non-PDF special ignored!
Non-PDF special ignored!
Non-PDF special ignored!
Non-PDF special ignored!
Non-PDF special ignored!
Non-PDF special ignored!
Non-PDF special ignored!
Non-PDF special ignored!
Non-PDF special ignored!
Non-PDF special ignored!
Non-PDF special ignored!
Non-PDF special ignored!
Non-PDF special ignored!
Non-PDF special ignored!
Non-PDF special ignored!
Non-PDF special ignored!
Non-PDF special ignored!
Non-PDF special ignored!
Non-PDF special ignored!
Non-PDF special ignored!
Non-PDF special ignored!
Non-PDF special ignored!
Non-PDF special ignored!
Non-PDF special ignored!
Non-PDF special ignored!
Non-PDF special ignored!
Non-PDF special ignored!
Non-PDF special ignored!
Non-PDF special ignored!
Non-PDF special ignored!
Non-PDF special ignored!
Non-PDF special ignored!
Non-PDF special ignored!
Non-PDF special ignored!]
Overfull \vbox (4.0pt too high) has occurred while \output is active []


Overfull \vbox (9.0pt too high) has occurred while \output is active []


Overfull \hbox (307.28987pt too wide) has occurred while \output is active
[][][] 
 []

[63
Non-PDF special ignored!
Non-PDF special ignored!
Non-PDF special ignored!
Non-PDF special ignored!
Non-PDF special ignored!
Non-PDF special ignored!
Non-PDF special ignored!
Non-PDF special ignored!
Non-PDF special ignored!
Non-PDF special ignored!
Non-PDF special ignored!
Non-PDF special ignored!
Non-PDF special ignored!
Non-PDF special ignored!
Non-PDF special ignored!
Non-PDF special ignored!
Non-PDF special ignored!
Non-PDF special ignored!
Non-PDF special ignored!
Non-PDF special ignored!
Non-PDF special ignored!
Non-PDF special ignored!
Non-PDF special ignored!
Non-PDF special ignored!
Non-PDF special ignored!
Non-PDF special ignored!
Non-PDF special ignored!
Non-PDF special ignored!
Non-PDF special ignored!
Non-PDF special ignored!
Non-PDF special ignored!
Non-PDF special ignored!
Non-PDF special ignored!
Non-PDF special ignored!


Non-PDF special ignored!
Non-PDF special ignored!
Non-PDF special ignored!
Non-PDF special ignored!
Non-PDF special ignored!
Non-PDF special ignored!
Non-PDF special ignored!
Non-PDF special ignored!]
Overfull \vbox (11.0pt too high) has occurred while \output is active []


! Undefined control sequence.
<argument> \setbox \@tempboxa =\hbox {\XeTeXpicfile 
                                         "\Gin@@name "\GPT@space \ifx \Gin@page
l.287 \end{frame}
               
The control sequence at the end of the top line
of your error message was never \def'ed. If you have
misspelled it (e.g., `\hobx'), type `I' and the correct
spelling (e.g., `I\hbox'). Otherwise just continue,
and I'll forget about whatever was undefined.

File: figures/c3.png Graphic file (type bmp)
<figures/c3.png>
! Undefined control sequence.
<argument> \setbox \@tempboxa =\hbox {\XeTeXpicfile 
                                         "\Gin@@name "\GPT@space \ifx \Gin@page
l.287 \end{frame}
               
The control sequence at the end of the top line
of your error message was never \def'ed. If you have
misspelled it (e.g., `\hobx'), type `I' and the correct
spelling (e.g., `I\hbox'). Otherwise just continue,
and I'll forget about whatever was undefined.

File: figures/leaders.png Graphic file (type bmp)
<figures/leaders.png>

Overfull \vbox (127.03731pt too high) detected at line 287
 []


Overfull \vbox (28.6pt too high) has occurred while \output is active []


Overfull \vbox (9.0pt too high) has occurred while \output is active []

 [64
Non-PDF special ignored!
Non-PDF special ignored!
Non-PDF special ignored!
Non-PDF special ignored!
Non-PDF special ignored!
Non-PDF special ignored!
Non-PDF special ignored!
Non-PDF special ignored!
Non-PDF special ignored!
Non-PDF special ignored!
Non-PDF special ignored!
Non-PDF special ignored!
Non-PDF special ignored!
Non-PDF special ignored!
Non-PDF special ignored!
Non-PDF special ignored!
Non-PDF special ignored!
Non-PDF special ignored!
Non-PDF special ignored!
Non-PDF special ignored!
Non-PDF special ignored!
Non-PDF special ignored!
Non-PDF special ignored!
Non-PDF special ignored!
Non-PDF special ignored!
Non-PDF special ignored!
Non-PDF special ignored!
Non-PDF special ignored!
Non-PDF special ignored!
Non-PDF special ignored!
Non-PDF special ignored!
Non-PDF special ignored!
Non-PDF special ignored!
Non-PDF special ignored!
Non-PDF special ignored!
Non-PDF special ignored!
Non-PDF special ignored!
Non-PDF special ignored!
Non-PDF special ignored!
Non-PDF special ignored!
Non-PDF special ignored!
Non-PDF special ignored!
Non-PDF special ignored!
Non-PDF special ignored!
Non-PDF special ignored!
Non-PDF special ignored!
Non-PDF special ignored!
Non-PDF special ignored!
Non-PDF special ignored!
Non-PDF special ignored!
Non-PDF special ignored!
Non-PDF special ignored!
Non-PDF special ignored!
Non-PDF special ignored!
Non-PDF special ignored!
Non-PDF special ignored!
Non-PDF special ignored!
Non-PDF special ignored!
Non-PDF special ignored!
Non-PDF special ignored!
Non-PDF special ignored!
Non-PDF special ignored!
Non-PDF special ignored!
Non-PDF special ignored!
Non-PDF special ignored!
Non-PDF special ignored!
Non-PDF special ignored!
Non-PDF special ignored!
Non-PDF special ignored!
Non-PDF special ignored!
Non-PDF special ignored!
Non-PDF special ignored!
Non-PDF special ignored!
Non-PDF special ignored!]
Overfull \vbox (4.0pt too high) has occurred while \output is active []


Overfull \vbox (9.0pt too high) has occurred while \output is active []

 [65
Non-PDF special ignored!
Non-PDF special ignored!
Non-PDF special ignored!
Non-PDF special ignored!
Non-PDF special ignored!
Non-PDF special ignored!
Non-PDF special ignored!
Non-PDF special ignored!
Non-PDF special ignored!
Non-PDF special ignored!
Non-PDF special ignored!
Non-PDF special ignored!
Non-PDF special ignored!
Non-PDF special ignored!
Non-PDF special ignored!
Non-PDF special ignored!
Non-PDF special ignored!
Non-PDF special ignored!
Non-PDF special ignored!
Non-PDF special ignored!
Non-PDF special ignored!
Non-PDF special ignored!
Non-PDF special ignored!
Non-PDF special ignored!
Non-PDF special ignored!
Non-PDF special ignored!
Non-PDF special ignored!
Non-PDF special ignored!
Non-PDF special ignored!
Non-PDF special ignored!
Non-PDF special ignored!
Non-PDF special ignored!
Non-PDF special ignored!
Non-PDF special ignored!


Non-PDF special ignored!
Non-PDF special ignored!
Non-PDF special ignored!
Non-PDF special ignored!
Non-PDF special ignored!
Non-PDF special ignored!]
Overfull \vbox (11.0pt too high) has occurred while \output is active []


! Undefined control sequence.
<argument> \setbox \@tempboxa =\hbox {\XeTeXpicfile 
                                         "\Gin@@name "\GPT@space \ifx \Gin@page
l.309 \end{frame}
               
The control sequence at the end of the top line
of your error message was never \def'ed. If you have
misspelled it (e.g., `\hobx'), type `I' and the correct
spelling (e.g., `I\hbox'). Otherwise just continue,
and I'll forget about whatever was undefined.

File: figures/motiv1.png Graphic file (type bmp)
<figures/motiv1.png>
! Undefined control sequence.
<argument> \setbox \@tempboxa =\hbox {\XeTeXpicfile 
                                         "\Gin@@name "\GPT@space \ifx \Gin@page
l.309 \end{frame}
               
The control sequence at the end of the top line
of your error message was never \def'ed. If you have
misspelled it (e.g., `\hobx'), type `I' and the correct
spelling (e.g., `I\hbox'). Otherwise just continue,
and I'll forget about whatever was undefined.

File: figures/motiv2.png Graphic file (type bmp)
<figures/motiv2.png>

Overfull \vbox (111.86339pt too high) detected at line 309
 []


Overfull \vbox (28.6pt too high) has occurred while \output is active []


Overfull \vbox (9.0pt too high) has occurred while \output is active []

 [66
Non-PDF special ignored!
Non-PDF special ignored!
Non-PDF special ignored!
Non-PDF special ignored!
Non-PDF special ignored!
Non-PDF special ignored!
Non-PDF special ignored!
Non-PDF special ignored!
Non-PDF special ignored!
Non-PDF special ignored!
Non-PDF special ignored!
Non-PDF special ignored!
Non-PDF special ignored!
Non-PDF special ignored!
Non-PDF special ignored!
Non-PDF special ignored!
Non-PDF special ignored!
Non-PDF special ignored!
Non-PDF special ignored!
Non-PDF special ignored!
Non-PDF special ignored!
Non-PDF special ignored!
Non-PDF special ignored!
Non-PDF special ignored!
Non-PDF special ignored!
Non-PDF special ignored!
Non-PDF special ignored!
Non-PDF special ignored!
Non-PDF special ignored!
Non-PDF special ignored!
Non-PDF special ignored!
Non-PDF special ignored!
Non-PDF special ignored!
Non-PDF special ignored!
Non-PDF special ignored!
Non-PDF special ignored!
Non-PDF special ignored!
Non-PDF special ignored!
Non-PDF special ignored!
Non-PDF special ignored!
Non-PDF special ignored!
Non-PDF special ignored!
Non-PDF special ignored!
Non-PDF special ignored!
Non-PDF special ignored!
Non-PDF special ignored!
Non-PDF special ignored!
Non-PDF special ignored!
Non-PDF special ignored!
Non-PDF special ignored!
Non-PDF special ignored!
Non-PDF special ignored!
Non-PDF special ignored!
Non-PDF special ignored!
Non-PDF special ignored!
Non-PDF special ignored!
Non-PDF special ignored!
Non-PDF special ignored!
Non-PDF special ignored!
Non-PDF special ignored!
Non-PDF special ignored!
Non-PDF special ignored!
Non-PDF special ignored!
Non-PDF special ignored!
Non-PDF special ignored!
Non-PDF special ignored!
Non-PDF special ignored!
Non-PDF special ignored!
Non-PDF special ignored!
Non-PDF special ignored!
Non-PDF special ignored!
Non-PDF special ignored!
Non-PDF special ignored!
Non-PDF special ignored!]
Overfull \vbox (4.0pt too high) has occurred while \output is active []


Overfull \vbox (9.0pt too high) has occurred while \output is active []

 [67
Non-PDF special ignored!
Non-PDF special ignored!
Non-PDF special ignored!
Non-PDF special ignored!
Non-PDF special ignored!
Non-PDF special ignored!
Non-PDF special ignored!
Non-PDF special ignored!
Non-PDF special ignored!
Non-PDF special ignored!
Non-PDF special ignored!
Non-PDF special ignored!
Non-PDF special ignored!
Non-PDF special ignored!
Non-PDF special ignored!
Non-PDF special ignored!
Non-PDF special ignored!
Non-PDF special ignored!
Non-PDF special ignored!
Non-PDF special ignored!
Non-PDF special ignored!
Non-PDF special ignored!
Non-PDF special ignored!
Non-PDF special ignored!
Non-PDF special ignored!
Non-PDF special ignored!
Non-PDF special ignored!
Non-PDF special ignored!
Non-PDF special ignored!
Non-PDF special ignored!
Non-PDF special ignored!
Non-PDF special ignored!
Non-PDF special ignored!
Non-PDF special ignored!


Non-PDF special ignored!
Non-PDF special ignored!
Non-PDF special ignored!
Non-PDF special ignored!
Non-PDF special ignored!
Non-PDF special ignored!]
Overfull \vbox (11.0pt too high) has occurred while \output is active []


! Undefined control sequence.
<argument> \setbox \@tempboxa =\hbox {\XeTeXpicfile 
                                         "\Gin@@name "\GPT@space \ifx \Gin@page
l.318 \end{frame}
               
The control sequence at the end of the top line
of your error message was never \def'ed. If you have
misspelled it (e.g., `\hobx'), type `I' and the correct
spelling (e.g., `I\hbox'). Otherwise just continue,
and I'll forget about whatever was undefined.

File: figures/motiv3.png Graphic file (type bmp)
<figures/motiv3.png>

Overfull \vbox (83.61826pt too high) detected at line 318
 []


Overfull \vbox (28.6pt too high) has occurred while \output is active []


Overfull \vbox (9.0pt too high) has occurred while \output is active []

 [68
Non-PDF special ignored!
Non-PDF special ignored!
Non-PDF special ignored!
Non-PDF special ignored!
Non-PDF special ignored!
Non-PDF special ignored!
Non-PDF special ignored!
Non-PDF special ignored!
Non-PDF special ignored!
Non-PDF special ignored!
Non-PDF special ignored!
Non-PDF special ignored!
Non-PDF special ignored!
Non-PDF special ignored!
Non-PDF special ignored!
Non-PDF special ignored!
Non-PDF special ignored!
Non-PDF special ignored!
Non-PDF special ignored!
Non-PDF special ignored!
Non-PDF special ignored!
Non-PDF special ignored!
Non-PDF special ignored!
Non-PDF special ignored!
Non-PDF special ignored!
Non-PDF special ignored!
Non-PDF special ignored!
Non-PDF special ignored!
Non-PDF special ignored!
Non-PDF special ignored!
Non-PDF special ignored!
Non-PDF special ignored!
Non-PDF special ignored!
Non-PDF special ignored!
Non-PDF special ignored!
Non-PDF special ignored!
Non-PDF special ignored!
Non-PDF special ignored!
Non-PDF special ignored!
Non-PDF special ignored!
Non-PDF special ignored!
Non-PDF special ignored!
Non-PDF special ignored!
Non-PDF special ignored!
Non-PDF special ignored!
Non-PDF special ignored!
Non-PDF special ignored!
Non-PDF special ignored!
Non-PDF special ignored!
Non-PDF special ignored!
Non-PDF special ignored!
Non-PDF special ignored!
Non-PDF special ignored!
Non-PDF special ignored!
Non-PDF special ignored!
Non-PDF special ignored!
Non-PDF special ignored!
Non-PDF special ignored!
Non-PDF special ignored!
Non-PDF special ignored!
Non-PDF special ignored!
Non-PDF special ignored!
Non-PDF special ignored!
Non-PDF special ignored!
Non-PDF special ignored!
Non-PDF special ignored!]
Overfull \vbox (4.0pt too high) has occurred while \output is active []


Overfull \vbox (9.0pt too high) has occurred while \output is active []

 [69
Non-PDF special ignored!
Non-PDF special ignored!
Non-PDF special ignored!
Non-PDF special ignored!
Non-PDF special ignored!
Non-PDF special ignored!
Non-PDF special ignored!
Non-PDF special ignored!
Non-PDF special ignored!
Non-PDF special ignored!
Non-PDF special ignored!
Non-PDF special ignored!
Non-PDF special ignored!
Non-PDF special ignored!
Non-PDF special ignored!
Non-PDF special ignored!
Non-PDF special ignored!
Non-PDF special ignored!
Non-PDF special ignored!
Non-PDF special ignored!
Non-PDF special ignored!
Non-PDF special ignored!
Non-PDF special ignored!
Non-PDF special ignored!
Non-PDF special ignored!
Non-PDF special ignored!
Non-PDF special ignored!
Non-PDF special ignored!
Non-PDF special ignored!
Non-PDF special ignored!
Non-PDF special ignored!
Non-PDF special ignored!
Non-PDF special ignored!
Non-PDF special ignored!


Non-PDF special ignored!
Non-PDF special ignored!
Non-PDF special ignored!
Non-PDF special ignored!
Non-PDF special ignored!
Non-PDF special ignored!]
Overfull \vbox (11.0pt too high) has occurred while \output is active []


(./tables/temperatura_qe.tex)
Overfull \vbox (194.95793pt too high) detected at line 323
 []


Overfull \vbox (28.6pt too high) has occurred while \output is active []


Overfull \vbox (9.0pt too high) has occurred while \output is active []

 [70
Non-PDF special ignored!
Non-PDF special ignored!
Non-PDF special ignored!
Non-PDF special ignored!
Non-PDF special ignored!
Non-PDF special ignored!
Non-PDF special ignored!
Non-PDF special ignored!
Non-PDF special ignored!
Non-PDF special ignored!
Non-PDF special ignored!
Non-PDF special ignored!
Non-PDF special ignored!
Non-PDF special ignored!
Non-PDF special ignored!
Non-PDF special ignored!
Non-PDF special ignored!
Non-PDF special ignored!
Non-PDF special ignored!
Non-PDF special ignored!
Non-PDF special ignored!
Non-PDF special ignored!
Non-PDF special ignored!
Non-PDF special ignored!
Non-PDF special ignored!
Non-PDF special ignored!
Non-PDF special ignored!
Non-PDF special ignored!
Non-PDF special ignored!
Non-PDF special ignored!
Non-PDF special ignored!
Non-PDF special ignored!
Non-PDF special ignored!
Non-PDF special ignored!
Non-PDF special ignored!
Non-PDF special ignored!
Non-PDF special ignored!
Non-PDF special ignored!
Non-PDF special ignored!
Non-PDF special ignored!
Non-PDF special ignored!
Non-PDF special ignored!
Non-PDF special ignored!
Non-PDF special ignored!
Non-PDF special ignored!
Non-PDF special ignored!
Non-PDF special ignored!
Non-PDF special ignored!
Non-PDF special ignored!
Non-PDF special ignored!
Non-PDF special ignored!
Non-PDF special ignored!
Non-PDF special ignored!
Non-PDF special ignored!
Non-PDF special ignored!
Non-PDF special ignored!
Non-PDF special ignored!
Non-PDF special ignored!
Non-PDF special ignored!
Non-PDF special ignored!
Non-PDF special ignored!
Non-PDF special ignored!
Non-PDF special ignored!
Non-PDF special ignored!
Non-PDF special ignored!
Non-PDF special ignored!]
Overfull \vbox (4.0pt too high) has occurred while \output is active []


Overfull \vbox (9.0pt too high) has occurred while \output is active []

 [71
Non-PDF special ignored!
Non-PDF special ignored!
Non-PDF special ignored!
Non-PDF special ignored!
Non-PDF special ignored!
Non-PDF special ignored!
Non-PDF special ignored!
Non-PDF special ignored!
Non-PDF special ignored!
Non-PDF special ignored!
Non-PDF special ignored!
Non-PDF special ignored!
Non-PDF special ignored!
Non-PDF special ignored!
Non-PDF special ignored!
Non-PDF special ignored!
Non-PDF special ignored!
Non-PDF special ignored!
Non-PDF special ignored!
Non-PDF special ignored!
Non-PDF special ignored!
Non-PDF special ignored!
Non-PDF special ignored!
Non-PDF special ignored!
Non-PDF special ignored!
Non-PDF special ignored!
Non-PDF special ignored!
Non-PDF special ignored!
Non-PDF special ignored!
Non-PDF special ignored!
Non-PDF special ignored!
Non-PDF special ignored!
Non-PDF special ignored!
Non-PDF special ignored!


Non-PDF special ignored!
Non-PDF special ignored!
Non-PDF special ignored!
Non-PDF special ignored!
Non-PDF special ignored!
Non-PDF special ignored!]
Overfull \vbox (11.0pt too high) has occurred while \output is active []


Overfull \vbox (191.98064pt too high) detected at line 336
 []


Overfull \vbox (28.6pt too high) has occurred while \output is active []


Overfull \vbox (9.0pt too high) has occurred while \output is active []

 [72
Non-PDF special ignored!
Non-PDF special ignored!
Non-PDF special ignored!
Non-PDF special ignored!
Non-PDF special ignored!
Non-PDF special ignored!
Non-PDF special ignored!
Non-PDF special ignored!
Non-PDF special ignored!
Non-PDF special ignored!
Non-PDF special ignored!
Non-PDF special ignored!
Non-PDF special ignored!
Non-PDF special ignored!
Non-PDF special ignored!
Non-PDF special ignored!
Non-PDF special ignored!
Non-PDF special ignored!
Non-PDF special ignored!
Non-PDF special ignored!
Non-PDF special ignored!
Non-PDF special ignored!
Non-PDF special ignored!
Non-PDF special ignored!
Non-PDF special ignored!
Non-PDF special ignored!
Non-PDF special ignored!
Non-PDF special ignored!
Non-PDF special ignored!
Non-PDF special ignored!
Non-PDF special ignored!
Non-PDF special ignored!
Non-PDF special ignored!
Non-PDF special ignored!
Non-PDF special ignored!
Non-PDF special ignored!
Non-PDF special ignored!
Non-PDF special ignored!
Non-PDF special ignored!
Non-PDF special ignored!
Non-PDF special ignored!
Non-PDF special ignored!
Non-PDF special ignored!
Non-PDF special ignored!
Non-PDF special ignored!
Non-PDF special ignored!
Non-PDF special ignored!
Non-PDF special ignored!
Non-PDF special ignored!
Non-PDF special ignored!
Non-PDF special ignored!
Non-PDF special ignored!
Non-PDF special ignored!
Non-PDF special ignored!
Non-PDF special ignored!
Non-PDF special ignored!
Non-PDF special ignored!
Non-PDF special ignored!
Non-PDF special ignored!
Non-PDF special ignored!
Non-PDF special ignored!
Non-PDF special ignored!
Non-PDF special ignored!
Non-PDF special ignored!
Non-PDF special ignored!
Non-PDF special ignored!
Non-PDF special ignored!
Non-PDF special ignored!
Non-PDF special ignored!
Non-PDF special ignored!
Non-PDF special ignored!
Non-PDF special ignored!
Non-PDF special ignored!
Non-PDF special ignored!
Non-PDF special ignored!
Non-PDF special ignored!
Non-PDF special ignored!
Non-PDF special ignored!]
Overfull \vbox (4.0pt too high) has occurred while \output is active []


Overfull \vbox (9.0pt too high) has occurred while \output is active []

 [73
Non-PDF special ignored!
Non-PDF special ignored!
Non-PDF special ignored!
Non-PDF special ignored!
Non-PDF special ignored!
Non-PDF special ignored!
Non-PDF special ignored!
Non-PDF special ignored!
Non-PDF special ignored!
Non-PDF special ignored!
Non-PDF special ignored!
Non-PDF special ignored!
Non-PDF special ignored!
Non-PDF special ignored!
Non-PDF special ignored!
Non-PDF special ignored!
Non-PDF special ignored!
Non-PDF special ignored!
Non-PDF special ignored!
Non-PDF special ignored!
Non-PDF special ignored!
Non-PDF special ignored!
Non-PDF special ignored!
Non-PDF special ignored!
Non-PDF special ignored!
Non-PDF special ignored!
Non-PDF special ignored!
Non-PDF special ignored!
Non-PDF special ignored!
Non-PDF special ignored!
Non-PDF special ignored!
Non-PDF special ignored!
Non-PDF special ignored!
Non-PDF special ignored!


Non-PDF special ignored!
Non-PDF special ignored!
Non-PDF special ignored!
Non-PDF special ignored!
Non-PDF special ignored!
Non-PDF special ignored!]
Overfull \vbox (11.0pt too high) has occurred while \output is active []


! Undefined control sequence.
<argument> \setbox \@tempboxa =\hbox {\XeTeXpicfile 
                                         "\Gin@@name "\GPT@space \ifx \Gin@page
l.355 \end{frame}
               
The control sequence at the end of the top line
of your error message was never \def'ed. If you have
misspelled it (e.g., `\hobx'), type `I' and the correct
spelling (e.g., `I\hbox'). Otherwise just continue,
and I'll forget about whatever was undefined.

File: figures/exp_p1.png Graphic file (type bmp)
<figures/exp_p1.png>
! Undefined control sequence.
<argument> \setbox \@tempboxa =\hbox {\XeTeXpicfile 
                                         "\Gin@@name "\GPT@space \ifx \Gin@page
l.355 \end{frame}
               
The control sequence at the end of the top line
of your error message was never \def'ed. If you have
misspelled it (e.g., `\hobx'), type `I' and the correct
spelling (e.g., `I\hbox'). Otherwise just continue,
and I'll forget about whatever was undefined.

File: figures/exp_p4.png Graphic file (type bmp)
<figures/exp_p4.png>

Overfull \vbox (111.76859pt too high) detected at line 355
 []


Overfull \vbox (28.6pt too high) has occurred while \output is active []


Overfull \vbox (9.0pt too high) has occurred while \output is active []

 [74
Non-PDF special ignored!
Non-PDF special ignored!
Non-PDF special ignored!
Non-PDF special ignored!
Non-PDF special ignored!
Non-PDF special ignored!
Non-PDF special ignored!
Non-PDF special ignored!
Non-PDF special ignored!
Non-PDF special ignored!
Non-PDF special ignored!
Non-PDF special ignored!
Non-PDF special ignored!
Non-PDF special ignored!
Non-PDF special ignored!
Non-PDF special ignored!
Non-PDF special ignored!
Non-PDF special ignored!
Non-PDF special ignored!
Non-PDF special ignored!
Non-PDF special ignored!
Non-PDF special ignored!
Non-PDF special ignored!
Non-PDF special ignored!
Non-PDF special ignored!
Non-PDF special ignored!
Non-PDF special ignored!
Non-PDF special ignored!
Non-PDF special ignored!
Non-PDF special ignored!
Non-PDF special ignored!
Non-PDF special ignored!
Non-PDF special ignored!
Non-PDF special ignored!
Non-PDF special ignored!
Non-PDF special ignored!
Non-PDF special ignored!
Non-PDF special ignored!
Non-PDF special ignored!
Non-PDF special ignored!
Non-PDF special ignored!
Non-PDF special ignored!
Non-PDF special ignored!
Non-PDF special ignored!
Non-PDF special ignored!
Non-PDF special ignored!
Non-PDF special ignored!
Non-PDF special ignored!
Non-PDF special ignored!
Non-PDF special ignored!
Non-PDF special ignored!
Non-PDF special ignored!
Non-PDF special ignored!
Non-PDF special ignored!
Non-PDF special ignored!
Non-PDF special ignored!
Non-PDF special ignored!
Non-PDF special ignored!
Non-PDF special ignored!
Non-PDF special ignored!
Non-PDF special ignored!
Non-PDF special ignored!
Non-PDF special ignored!
Non-PDF special ignored!
Non-PDF special ignored!
Non-PDF special ignored!
Non-PDF special ignored!
Non-PDF special ignored!
Non-PDF special ignored!
Non-PDF special ignored!
Non-PDF special ignored!
Non-PDF special ignored!
Non-PDF special ignored!
Non-PDF special ignored!]
Overfull \vbox (4.0pt too high) has occurred while \output is active []


Overfull \vbox (9.0pt too high) has occurred while \output is active []

 [75
Non-PDF special ignored!
Non-PDF special ignored!
Non-PDF special ignored!
Non-PDF special ignored!
Non-PDF special ignored!
Non-PDF special ignored!
Non-PDF special ignored!
Non-PDF special ignored!
Non-PDF special ignored!
Non-PDF special ignored!
Non-PDF special ignored!
Non-PDF special ignored!
Non-PDF special ignored!
Non-PDF special ignored!
Non-PDF special ignored!
Non-PDF special ignored!
Non-PDF special ignored!
Non-PDF special ignored!
Non-PDF special ignored!
Non-PDF special ignored!
Non-PDF special ignored!
Non-PDF special ignored!
Non-PDF special ignored!
Non-PDF special ignored!
Non-PDF special ignored!
Non-PDF special ignored!
Non-PDF special ignored!
Non-PDF special ignored!
Non-PDF special ignored!
Non-PDF special ignored!
Non-PDF special ignored!
Non-PDF special ignored!
Non-PDF special ignored!
Non-PDF special ignored!


Non-PDF special ignored!
Non-PDF special ignored!
Non-PDF special ignored!
Non-PDF special ignored!
Non-PDF special ignored!
Non-PDF special ignored!]
Overfull \vbox (11.0pt too high) has occurred while \output is active []


! Undefined control sequence.
<argument> \setbox \@tempboxa =\hbox {\XeTeXpicfile 
                                         "\Gin@@name "\GPT@space \ifx \Gin@page
l.374 \end{frame}
               
The control sequence at the end of the top line
of your error message was never \def'ed. If you have
misspelled it (e.g., `\hobx'), type `I' and the correct
spelling (e.g., `I\hbox'). Otherwise just continue,
and I'll forget about whatever was undefined.

File: figures/exp_p2.png Graphic file (type bmp)
<figures/exp_p2.png>
! Undefined control sequence.
<argument> \setbox \@tempboxa =\hbox {\XeTeXpicfile 
                                         "\Gin@@name "\GPT@space \ifx \Gin@page
l.374 \end{frame}
               
The control sequence at the end of the top line
of your error message was never \def'ed. If you have
misspelled it (e.g., `\hobx'), type `I' and the correct
spelling (e.g., `I\hbox'). Otherwise just continue,
and I'll forget about whatever was undefined.

File: figures/exp_p5.png Graphic file (type bmp)
<figures/exp_p5.png>

Overfull \vbox (111.76859pt too high) detected at line 374
 []


Overfull \vbox (28.6pt too high) has occurred while \output is active []


Overfull \vbox (9.0pt too high) has occurred while \output is active []

 [76
Non-PDF special ignored!
Non-PDF special ignored!
Non-PDF special ignored!
Non-PDF special ignored!
Non-PDF special ignored!
Non-PDF special ignored!
Non-PDF special ignored!
Non-PDF special ignored!
Non-PDF special ignored!
Non-PDF special ignored!
Non-PDF special ignored!
Non-PDF special ignored!
Non-PDF special ignored!
Non-PDF special ignored!
Non-PDF special ignored!
Non-PDF special ignored!
Non-PDF special ignored!
Non-PDF special ignored!
Non-PDF special ignored!
Non-PDF special ignored!
Non-PDF special ignored!
Non-PDF special ignored!
Non-PDF special ignored!
Non-PDF special ignored!
Non-PDF special ignored!
Non-PDF special ignored!
Non-PDF special ignored!
Non-PDF special ignored!
Non-PDF special ignored!
Non-PDF special ignored!
Non-PDF special ignored!
Non-PDF special ignored!
Non-PDF special ignored!
Non-PDF special ignored!
Non-PDF special ignored!
Non-PDF special ignored!
Non-PDF special ignored!
Non-PDF special ignored!
Non-PDF special ignored!
Non-PDF special ignored!
Non-PDF special ignored!
Non-PDF special ignored!
Non-PDF special ignored!
Non-PDF special ignored!
Non-PDF special ignored!
Non-PDF special ignored!
Non-PDF special ignored!
Non-PDF special ignored!
Non-PDF special ignored!
Non-PDF special ignored!
Non-PDF special ignored!
Non-PDF special ignored!
Non-PDF special ignored!
Non-PDF special ignored!
Non-PDF special ignored!
Non-PDF special ignored!
Non-PDF special ignored!
Non-PDF special ignored!
Non-PDF special ignored!
Non-PDF special ignored!
Non-PDF special ignored!
Non-PDF special ignored!
Non-PDF special ignored!
Non-PDF special ignored!
Non-PDF special ignored!
Non-PDF special ignored!
Non-PDF special ignored!
Non-PDF special ignored!
Non-PDF special ignored!
Non-PDF special ignored!
Non-PDF special ignored!
Non-PDF special ignored!
Non-PDF special ignored!
Non-PDF special ignored!]
Overfull \vbox (4.0pt too high) has occurred while \output is active []


Overfull \vbox (9.0pt too high) has occurred while \output is active []

 [77
Non-PDF special ignored!
Non-PDF special ignored!
Non-PDF special ignored!
Non-PDF special ignored!
Non-PDF special ignored!
Non-PDF special ignored!
Non-PDF special ignored!
Non-PDF special ignored!
Non-PDF special ignored!
Non-PDF special ignored!
Non-PDF special ignored!
Non-PDF special ignored!
Non-PDF special ignored!
Non-PDF special ignored!
Non-PDF special ignored!
Non-PDF special ignored!
Non-PDF special ignored!
Non-PDF special ignored!
Non-PDF special ignored!
Non-PDF special ignored!
Non-PDF special ignored!
Non-PDF special ignored!
Non-PDF special ignored!
Non-PDF special ignored!
Non-PDF special ignored!
Non-PDF special ignored!
Non-PDF special ignored!
Non-PDF special ignored!
Non-PDF special ignored!
Non-PDF special ignored!
Non-PDF special ignored!
Non-PDF special ignored!
Non-PDF special ignored!
Non-PDF special ignored!


Non-PDF special ignored!
Non-PDF special ignored!
Non-PDF special ignored!
Non-PDF special ignored!
Non-PDF special ignored!
Non-PDF special ignored!]
Overfull \vbox (11.0pt too high) has occurred while \output is active []


! Undefined control sequence.
<argument> \setbox \@tempboxa =\hbox {\XeTeXpicfile 
                                         "\Gin@@name "\GPT@space \ifx \Gin@page
l.393 \end{frame}
               
The control sequence at the end of the top line
of your error message was never \def'ed. If you have
misspelled it (e.g., `\hobx'), type `I' and the correct
spelling (e.g., `I\hbox'). Otherwise just continue,
and I'll forget about whatever was undefined.

File: figures/exp_p3.png Graphic file (type bmp)
<figures/exp_p3.png>
! Undefined control sequence.
<argument> \setbox \@tempboxa =\hbox {\XeTeXpicfile 
                                         "\Gin@@name "\GPT@space \ifx \Gin@page
l.393 \end{frame}
               
The control sequence at the end of the top line
of your error message was never \def'ed. If you have
misspelled it (e.g., `\hobx'), type `I' and the correct
spelling (e.g., `I\hbox'). Otherwise just continue,
and I'll forget about whatever was undefined.

File: figures/exp_p6.png Graphic file (type bmp)
<figures/exp_p6.png>

Overfull \vbox (111.76859pt too high) detected at line 393
 []


Overfull \vbox (28.6pt too high) has occurred while \output is active []


Overfull \vbox (9.0pt too high) has occurred while \output is active []

 [78
Non-PDF special ignored!
Non-PDF special ignored!
Non-PDF special ignored!
Non-PDF special ignored!
Non-PDF special ignored!
Non-PDF special ignored!
Non-PDF special ignored!
Non-PDF special ignored!
Non-PDF special ignored!
Non-PDF special ignored!
Non-PDF special ignored!
Non-PDF special ignored!
Non-PDF special ignored!
Non-PDF special ignored!
Non-PDF special ignored!
Non-PDF special ignored!
Non-PDF special ignored!
Non-PDF special ignored!
Non-PDF special ignored!
Non-PDF special ignored!
Non-PDF special ignored!
Non-PDF special ignored!
Non-PDF special ignored!
Non-PDF special ignored!
Non-PDF special ignored!
Non-PDF special ignored!
Non-PDF special ignored!
Non-PDF special ignored!
Non-PDF special ignored!
Non-PDF special ignored!
Non-PDF special ignored!
Non-PDF special ignored!
Non-PDF special ignored!
Non-PDF special ignored!
Non-PDF special ignored!
Non-PDF special ignored!
Non-PDF special ignored!
Non-PDF special ignored!
Non-PDF special ignored!
Non-PDF special ignored!
Non-PDF special ignored!
Non-PDF special ignored!
Non-PDF special ignored!
Non-PDF special ignored!
Non-PDF special ignored!
Non-PDF special ignored!
Non-PDF special ignored!
Non-PDF special ignored!
Non-PDF special ignored!
Non-PDF special ignored!
Non-PDF special ignored!
Non-PDF special ignored!
Non-PDF special ignored!
Non-PDF special ignored!
Non-PDF special ignored!
Non-PDF special ignored!
Non-PDF special ignored!
Non-PDF special ignored!
Non-PDF special ignored!
Non-PDF special ignored!
Non-PDF special ignored!
Non-PDF special ignored!
Non-PDF special ignored!
Non-PDF special ignored!
Non-PDF special ignored!
Non-PDF special ignored!
Non-PDF special ignored!
Non-PDF special ignored!
Non-PDF special ignored!
Non-PDF special ignored!
Non-PDF special ignored!
Non-PDF special ignored!
Non-PDF special ignored!
Non-PDF special ignored!]
Overfull \vbox (4.0pt too high) has occurred while \output is active []


Overfull \vbox (9.0pt too high) has occurred while \output is active []

 [79
Non-PDF special ignored!
Non-PDF special ignored!
Non-PDF special ignored!
Non-PDF special ignored!
Non-PDF special ignored!
Non-PDF special ignored!
Non-PDF special ignored!
Non-PDF special ignored!
Non-PDF special ignored!
Non-PDF special ignored!
Non-PDF special ignored!
Non-PDF special ignored!
Non-PDF special ignored!
Non-PDF special ignored!
Non-PDF special ignored!
Non-PDF special ignored!
Non-PDF special ignored!
Non-PDF special ignored!
Non-PDF special ignored!
Non-PDF special ignored!
Non-PDF special ignored!
Non-PDF special ignored!
Non-PDF special ignored!
Non-PDF special ignored!
Non-PDF special ignored!
Non-PDF special ignored!
Non-PDF special ignored!
Non-PDF special ignored!
Non-PDF special ignored!
Non-PDF special ignored!
Non-PDF special ignored!
Non-PDF special ignored!
Non-PDF special ignored!
Non-PDF special ignored!


Non-PDF special ignored!
Non-PDF special ignored!
Non-PDF special ignored!
Non-PDF special ignored!
Non-PDF special ignored!
Non-PDF special ignored!]
Overfull \vbox (11.0pt too high) has occurred while \output is active []


! Undefined control sequence.
<argument> \setbox \@tempboxa =\hbox {\XeTeXpicfile 
                                         "\Gin@@name "\GPT@space \ifx \Gin@page
l.412 \end{frame}
               
The control sequence at the end of the top line
of your error message was never \def'ed. If you have
misspelled it (e.g., `\hobx'), type `I' and the correct
spelling (e.g., `I\hbox'). Otherwise just continue,
and I'll forget about whatever was undefined.

File: figures/optimo_y.png Graphic file (type bmp)
<figures/optimo_y.png>
! Undefined control sequence.
<argument> \setbox \@tempboxa =\hbox {\XeTeXpicfile 
                                         "\Gin@@name "\GPT@space \ifx \Gin@page
l.412 \end{frame}
               
The control sequence at the end of the top line
of your error message was never \def'ed. If you have
misspelled it (e.g., `\hobx'), type `I' and the correct
spelling (e.g., `I\hbox'). Otherwise just continue,
and I'll forget about whatever was undefined.

File: figures/frio_y.png Graphic file (type bmp)
<figures/frio_y.png>

Overfull \vbox (124.45421pt too high) detected at line 412
 []


Overfull \vbox (28.6pt too high) has occurred while \output is active []


Overfull \vbox (9.0pt too high) has occurred while \output is active []

 [80
Non-PDF special ignored!
Non-PDF special ignored!
Non-PDF special ignored!
Non-PDF special ignored!
Non-PDF special ignored!
Non-PDF special ignored!
Non-PDF special ignored!
Non-PDF special ignored!
Non-PDF special ignored!
Non-PDF special ignored!
Non-PDF special ignored!
Non-PDF special ignored!
Non-PDF special ignored!
Non-PDF special ignored!
Non-PDF special ignored!
Non-PDF special ignored!
Non-PDF special ignored!
Non-PDF special ignored!
Non-PDF special ignored!
Non-PDF special ignored!
Non-PDF special ignored!
Non-PDF special ignored!
Non-PDF special ignored!
Non-PDF special ignored!
Non-PDF special ignored!
Non-PDF special ignored!
Non-PDF special ignored!
Non-PDF special ignored!
Non-PDF special ignored!
Non-PDF special ignored!
Non-PDF special ignored!
Non-PDF special ignored!
Non-PDF special ignored!
Non-PDF special ignored!
Non-PDF special ignored!
Non-PDF special ignored!
Non-PDF special ignored!
Non-PDF special ignored!
Non-PDF special ignored!
Non-PDF special ignored!
Non-PDF special ignored!
Non-PDF special ignored!
Non-PDF special ignored!
Non-PDF special ignored!
Non-PDF special ignored!
Non-PDF special ignored!
Non-PDF special ignored!
Non-PDF special ignored!
Non-PDF special ignored!
Non-PDF special ignored!
Non-PDF special ignored!
Non-PDF special ignored!
Non-PDF special ignored!
Non-PDF special ignored!
Non-PDF special ignored!
Non-PDF special ignored!
Non-PDF special ignored!
Non-PDF special ignored!
Non-PDF special ignored!
Non-PDF special ignored!
Non-PDF special ignored!
Non-PDF special ignored!
Non-PDF special ignored!
Non-PDF special ignored!
Non-PDF special ignored!
Non-PDF special ignored!
Non-PDF special ignored!
Non-PDF special ignored!
Non-PDF special ignored!
Non-PDF special ignored!
Non-PDF special ignored!
Non-PDF special ignored!
Non-PDF special ignored!
Non-PDF special ignored!]
Overfull \vbox (4.0pt too high) has occurred while \output is active []


Overfull \vbox (9.0pt too high) has occurred while \output is active []

 [81
Non-PDF special ignored!
Non-PDF special ignored!
Non-PDF special ignored!
Non-PDF special ignored!
Non-PDF special ignored!
Non-PDF special ignored!
Non-PDF special ignored!
Non-PDF special ignored!
Non-PDF special ignored!
Non-PDF special ignored!
Non-PDF special ignored!
Non-PDF special ignored!
Non-PDF special ignored!
Non-PDF special ignored!
Non-PDF special ignored!
Non-PDF special ignored!
Non-PDF special ignored!
Non-PDF special ignored!
Non-PDF special ignored!
Non-PDF special ignored!
Non-PDF special ignored!
Non-PDF special ignored!
Non-PDF special ignored!
Non-PDF special ignored!
Non-PDF special ignored!
Non-PDF special ignored!
Non-PDF special ignored!
Non-PDF special ignored!
Non-PDF special ignored!
Non-PDF special ignored!
Non-PDF special ignored!
Non-PDF special ignored!
Non-PDF special ignored!
Non-PDF special ignored!


Non-PDF special ignored!
Non-PDF special ignored!
Non-PDF special ignored!
Non-PDF special ignored!
Non-PDF special ignored!
Non-PDF special ignored!]
Overfull \vbox (11.0pt too high) has occurred while \output is active []


! Undefined control sequence.
<argument> \setbox \@tempboxa =\hbox {\XeTeXpicfile 
                                         "\Gin@@name "\GPT@space \ifx \Gin@page
l.422 \end{frame}
               
The control sequence at the end of the top line
of your error message was never \def'ed. If you have
misspelled it (e.g., `\hobx'), type `I' and the correct
spelling (e.g., `I\hbox'). Otherwise just continue,
and I'll forget about whatever was undefined.

File: figures/calor_y.png Graphic file (type bmp)
<figures/calor_y.png>

Overfull \vbox (83.61826pt too high) detected at line 422
 []


Overfull \vbox (28.6pt too high) has occurred while \output is active []


Overfull \vbox (9.0pt too high) has occurred while \output is active []

 [82
Non-PDF special ignored!
Non-PDF special ignored!
Non-PDF special ignored!
Non-PDF special ignored!
Non-PDF special ignored!
Non-PDF special ignored!
Non-PDF special ignored!
Non-PDF special ignored!
Non-PDF special ignored!
Non-PDF special ignored!
Non-PDF special ignored!
Non-PDF special ignored!
Non-PDF special ignored!
Non-PDF special ignored!
Non-PDF special ignored!
Non-PDF special ignored!
Non-PDF special ignored!
Non-PDF special ignored!
Non-PDF special ignored!
Non-PDF special ignored!
Non-PDF special ignored!
Non-PDF special ignored!
Non-PDF special ignored!
Non-PDF special ignored!
Non-PDF special ignored!
Non-PDF special ignored!
Non-PDF special ignored!
Non-PDF special ignored!
Non-PDF special ignored!
Non-PDF special ignored!
Non-PDF special ignored!
Non-PDF special ignored!
Non-PDF special ignored!
Non-PDF special ignored!
Non-PDF special ignored!
Non-PDF special ignored!
Non-PDF special ignored!
Non-PDF special ignored!
Non-PDF special ignored!
Non-PDF special ignored!
Non-PDF special ignored!
Non-PDF special ignored!
Non-PDF special ignored!
Non-PDF special ignored!
Non-PDF special ignored!
Non-PDF special ignored!
Non-PDF special ignored!
Non-PDF special ignored!
Non-PDF special ignored!
Non-PDF special ignored!
Non-PDF special ignored!
Non-PDF special ignored!
Non-PDF special ignored!
Non-PDF special ignored!
Non-PDF special ignored!
Non-PDF special ignored!
Non-PDF special ignored!
Non-PDF special ignored!
Non-PDF special ignored!
Non-PDF special ignored!
Non-PDF special ignored!
Non-PDF special ignored!
Non-PDF special ignored!
Non-PDF special ignored!
Non-PDF special ignored!
Non-PDF special ignored!]
Overfull \vbox (4.0pt too high) has occurred while \output is active []


Overfull \vbox (9.0pt too high) has occurred while \output is active []

 [83
Non-PDF special ignored!
Non-PDF special ignored!
Non-PDF special ignored!
Non-PDF special ignored!
Non-PDF special ignored!
Non-PDF special ignored!
Non-PDF special ignored!
Non-PDF special ignored!
Non-PDF special ignored!
Non-PDF special ignored!
Non-PDF special ignored!
Non-PDF special ignored!
Non-PDF special ignored!
Non-PDF special ignored!
Non-PDF special ignored!
Non-PDF special ignored!
Non-PDF special ignored!
Non-PDF special ignored!
Non-PDF special ignored!
Non-PDF special ignored!
Non-PDF special ignored!
Non-PDF special ignored!
Non-PDF special ignored!
Non-PDF special ignored!
Non-PDF special ignored!
Non-PDF special ignored!
Non-PDF special ignored!
Non-PDF special ignored!
Non-PDF special ignored!
Non-PDF special ignored!
Non-PDF special ignored!
Non-PDF special ignored!
Non-PDF special ignored!
Non-PDF special ignored!


Non-PDF special ignored!
Non-PDF special ignored!
Non-PDF special ignored!
Non-PDF special ignored!
Non-PDF special ignored!
Non-PDF special ignored!]
Overfull \vbox (11.0pt too high) has occurred while \output is active []


(./tables/est_demand_ym.tex)
Overfull \vbox (238.50279pt too high) detected at line 427
 []


Overfull \vbox (28.6pt too high) has occurred while \output is active []


Overfull \vbox (9.0pt too high) has occurred while \output is active []

 [84
Non-PDF special ignored!
Non-PDF special ignored!
Non-PDF special ignored!
Non-PDF special ignored!
Non-PDF special ignored!
Non-PDF special ignored!
Non-PDF special ignored!
Non-PDF special ignored!
Non-PDF special ignored!
Non-PDF special ignored!
Non-PDF special ignored!
Non-PDF special ignored!
Non-PDF special ignored!
Non-PDF special ignored!
Non-PDF special ignored!
Non-PDF special ignored!
Non-PDF special ignored!
Non-PDF special ignored!
Non-PDF special ignored!
Non-PDF special ignored!
Non-PDF special ignored!
Non-PDF special ignored!
Non-PDF special ignored!
Non-PDF special ignored!
Non-PDF special ignored!
Non-PDF special ignored!
Non-PDF special ignored!
Non-PDF special ignored!
Non-PDF special ignored!
Non-PDF special ignored!
Non-PDF special ignored!
Non-PDF special ignored!
Non-PDF special ignored!
Non-PDF special ignored!
Non-PDF special ignored!
Non-PDF special ignored!
Non-PDF special ignored!
Non-PDF special ignored!
Non-PDF special ignored!
Non-PDF special ignored!
Non-PDF special ignored!
Non-PDF special ignored!
Non-PDF special ignored!
Non-PDF special ignored!
Non-PDF special ignored!
Non-PDF special ignored!
Non-PDF special ignored!
Non-PDF special ignored!
Non-PDF special ignored!
Non-PDF special ignored!
Non-PDF special ignored!
Non-PDF special ignored!
Non-PDF special ignored!
Non-PDF special ignored!
Non-PDF special ignored!
Non-PDF special ignored!
Non-PDF special ignored!
Non-PDF special ignored!
Non-PDF special ignored!
Non-PDF special ignored!
Non-PDF special ignored!
Non-PDF special ignored!
Non-PDF special ignored!
Non-PDF special ignored!
Non-PDF special ignored!
Non-PDF special ignored!]
Overfull \vbox (4.0pt too high) has occurred while \output is active []


Overfull \vbox (9.0pt too high) has occurred while \output is active []

 [85
Non-PDF special ignored!
Non-PDF special ignored!
Non-PDF special ignored!
Non-PDF special ignored!
Non-PDF special ignored!
Non-PDF special ignored!
Non-PDF special ignored!
Non-PDF special ignored!
Non-PDF special ignored!
Non-PDF special ignored!
Non-PDF special ignored!
Non-PDF special ignored!
Non-PDF special ignored!
Non-PDF special ignored!
Non-PDF special ignored!
Non-PDF special ignored!
Non-PDF special ignored!
Non-PDF special ignored!
Non-PDF special ignored!
Non-PDF special ignored!
Non-PDF special ignored!
Non-PDF special ignored!
Non-PDF special ignored!
Non-PDF special ignored!
Non-PDF special ignored!
Non-PDF special ignored!
Non-PDF special ignored!
Non-PDF special ignored!
Non-PDF special ignored!
Non-PDF special ignored!
Non-PDF special ignored!
Non-PDF special ignored!
Non-PDF special ignored!
Non-PDF special ignored!


Non-PDF special ignored!
Non-PDF special ignored!
Non-PDF special ignored!
Non-PDF special ignored!
Non-PDF special ignored!
Non-PDF special ignored!]
Overfull \vbox (11.0pt too high) has occurred while \output is active []


(./tables/est_demand_y_1s.tex)
Overfull \vbox (267.82547pt too high) detected at line 436
 []


Overfull \vbox (28.6pt too high) has occurred while \output is active []


Overfull \vbox (9.0pt too high) has occurred while \output is active []

 [86
Non-PDF special ignored!
Non-PDF special ignored!
Non-PDF special ignored!
Non-PDF special ignored!
Non-PDF special ignored!
Non-PDF special ignored!
Non-PDF special ignored!
Non-PDF special ignored!
Non-PDF special ignored!
Non-PDF special ignored!
Non-PDF special ignored!
Non-PDF special ignored!
Non-PDF special ignored!
Non-PDF special ignored!
Non-PDF special ignored!
Non-PDF special ignored!
Non-PDF special ignored!
Non-PDF special ignored!
Non-PDF special ignored!
Non-PDF special ignored!
Non-PDF special ignored!
Non-PDF special ignored!
Non-PDF special ignored!
Non-PDF special ignored!
Non-PDF special ignored!
Non-PDF special ignored!
Non-PDF special ignored!
Non-PDF special ignored!
Non-PDF special ignored!
Non-PDF special ignored!
Non-PDF special ignored!
Non-PDF special ignored!
Non-PDF special ignored!
Non-PDF special ignored!
Non-PDF special ignored!
Non-PDF special ignored!
Non-PDF special ignored!
Non-PDF special ignored!
Non-PDF special ignored!
Non-PDF special ignored!
Non-PDF special ignored!
Non-PDF special ignored!
Non-PDF special ignored!
Non-PDF special ignored!
Non-PDF special ignored!
Non-PDF special ignored!
Non-PDF special ignored!
Non-PDF special ignored!
Non-PDF special ignored!
Non-PDF special ignored!
Non-PDF special ignored!
Non-PDF special ignored!
Non-PDF special ignored!
Non-PDF special ignored!
Non-PDF special ignored!
Non-PDF special ignored!
Non-PDF special ignored!
Non-PDF special ignored!
Non-PDF special ignored!
Non-PDF special ignored!
Non-PDF special ignored!
Non-PDF special ignored!
Non-PDF special ignored!
Non-PDF special ignored!
Non-PDF special ignored!
Non-PDF special ignored!]
Overfull \vbox (4.0pt too high) has occurred while \output is active []


Overfull \vbox (9.0pt too high) has occurred while \output is active []

 [87
Non-PDF special ignored!
Non-PDF special ignored!
Non-PDF special ignored!
Non-PDF special ignored!
Non-PDF special ignored!
Non-PDF special ignored!
Non-PDF special ignored!
Non-PDF special ignored!
Non-PDF special ignored!
Non-PDF special ignored!
Non-PDF special ignored!
Non-PDF special ignored!
Non-PDF special ignored!
Non-PDF special ignored!
Non-PDF special ignored!
Non-PDF special ignored!
Non-PDF special ignored!
Non-PDF special ignored!
Non-PDF special ignored!
Non-PDF special ignored!
Non-PDF special ignored!
Non-PDF special ignored!
Non-PDF special ignored!
Non-PDF special ignored!
Non-PDF special ignored!
Non-PDF special ignored!
Non-PDF special ignored!
Non-PDF special ignored!
Non-PDF special ignored!
Non-PDF special ignored!
Non-PDF special ignored!
Non-PDF special ignored!
Non-PDF special ignored!
Non-PDF special ignored!


Non-PDF special ignored!
Non-PDF special ignored!
Non-PDF special ignored!
Non-PDF special ignored!
Non-PDF special ignored!
Non-PDF special ignored!]
Overfull \vbox (11.0pt too high) has occurred while \output is active []


(./tables/est_demand_y_tests.tex) (./tables/est_demand_ym_tests.tex)
Overfull \vbox (237.30762pt too high) detected at line 441
 []


Overfull \vbox (28.6pt too high) has occurred while \output is active []


Overfull \vbox (9.0pt too high) has occurred while \output is active []

 [88
Non-PDF special ignored!
Non-PDF special ignored!
Non-PDF special ignored!
Non-PDF special ignored!
Non-PDF special ignored!
Non-PDF special ignored!
Non-PDF special ignored!
Non-PDF special ignored!
Non-PDF special ignored!
Non-PDF special ignored!
Non-PDF special ignored!
Non-PDF special ignored!
Non-PDF special ignored!
Non-PDF special ignored!
Non-PDF special ignored!
Non-PDF special ignored!
Non-PDF special ignored!
Non-PDF special ignored!
Non-PDF special ignored!
Non-PDF special ignored!
Non-PDF special ignored!
Non-PDF special ignored!
Non-PDF special ignored!
Non-PDF special ignored!
Non-PDF special ignored!
Non-PDF special ignored!
Non-PDF special ignored!
Non-PDF special ignored!
Non-PDF special ignored!
Non-PDF special ignored!
Non-PDF special ignored!
Non-PDF special ignored!
Non-PDF special ignored!
Non-PDF special ignored!
Non-PDF special ignored!
Non-PDF special ignored!
Non-PDF special ignored!
Non-PDF special ignored!
Non-PDF special ignored!
Non-PDF special ignored!
Non-PDF special ignored!
Non-PDF special ignored!
Non-PDF special ignored!
Non-PDF special ignored!
Non-PDF special ignored!
Non-PDF special ignored!
Non-PDF special ignored!
Non-PDF special ignored!
Non-PDF special ignored!
Non-PDF special ignored!
Non-PDF special ignored!
Non-PDF special ignored!
Non-PDF special ignored!
Non-PDF special ignored!
Non-PDF special ignored!
Non-PDF special ignored!
Non-PDF special ignored!
Non-PDF special ignored!
Non-PDF special ignored!
Non-PDF special ignored!
Non-PDF special ignored!
Non-PDF special ignored!
Non-PDF special ignored!
Non-PDF special ignored!
Non-PDF special ignored!
Non-PDF special ignored!
Non-PDF special ignored!
Non-PDF special ignored!
Non-PDF special ignored!
Non-PDF special ignored!
Non-PDF special ignored!
Non-PDF special ignored!
Non-PDF special ignored!
Non-PDF special ignored!
Non-PDF special ignored!
Non-PDF special ignored!]
Overfull \vbox (4.0pt too high) has occurred while \output is active []


Overfull \vbox (9.0pt too high) has occurred while \output is active []

 [89
Non-PDF special ignored!
Non-PDF special ignored!
Non-PDF special ignored!
Non-PDF special ignored!
Non-PDF special ignored!
Non-PDF special ignored!
Non-PDF special ignored!
Non-PDF special ignored!
Non-PDF special ignored!
Non-PDF special ignored!
Non-PDF special ignored!
Non-PDF special ignored!
Non-PDF special ignored!
Non-PDF special ignored!
Non-PDF special ignored!
Non-PDF special ignored!
Non-PDF special ignored!
Non-PDF special ignored!
Non-PDF special ignored!
Non-PDF special ignored!
Non-PDF special ignored!
Non-PDF special ignored!
Non-PDF special ignored!
Non-PDF special ignored!
Non-PDF special ignored!
Non-PDF special ignored!
Non-PDF special ignored!
Non-PDF special ignored!
Non-PDF special ignored!
Non-PDF special ignored!
Non-PDF special ignored!
Non-PDF special ignored!
Non-PDF special ignored!
Non-PDF special ignored!


Non-PDF special ignored!
Non-PDF special ignored!
Non-PDF special ignored!
Non-PDF special ignored!
Non-PDF special ignored!
Non-PDF special ignored!]
Overfull \vbox (11.0pt too high) has occurred while \output is active []


Overfull \vbox (162.15584pt too high) detected at line 454
 []


Overfull \vbox (28.6pt too high) has occurred while \output is active []


Overfull \vbox (9.0pt too high) has occurred while \output is active []

 [90
Non-PDF special ignored!
Non-PDF special ignored!
Non-PDF special ignored!
Non-PDF special ignored!
Non-PDF special ignored!
Non-PDF special ignored!
Non-PDF special ignored!
Non-PDF special ignored!
Non-PDF special ignored!
Non-PDF special ignored!
Non-PDF special ignored!
Non-PDF special ignored!
Non-PDF special ignored!
Non-PDF special ignored!
Non-PDF special ignored!
Non-PDF special ignored!
Non-PDF special ignored!
Non-PDF special ignored!
Non-PDF special ignored!
Non-PDF special ignored!
Non-PDF special ignored!
Non-PDF special ignored!
Non-PDF special ignored!
Non-PDF special ignored!
Non-PDF special ignored!
Non-PDF special ignored!
Non-PDF special ignored!
Non-PDF special ignored!
Non-PDF special ignored!
Non-PDF special ignored!
Non-PDF special ignored!
Non-PDF special ignored!
Non-PDF special ignored!
Non-PDF special ignored!
Non-PDF special ignored!
Non-PDF special ignored!
Non-PDF special ignored!
Non-PDF special ignored!
Non-PDF special ignored!
Non-PDF special ignored!
Non-PDF special ignored!
Non-PDF special ignored!
Non-PDF special ignored!
Non-PDF special ignored!
Non-PDF special ignored!
Non-PDF special ignored!
Non-PDF special ignored!
Non-PDF special ignored!
Non-PDF special ignored!
Non-PDF special ignored!
Non-PDF special ignored!
Non-PDF special ignored!
Non-PDF special ignored!
Non-PDF special ignored!
Non-PDF special ignored!
Non-PDF special ignored!
Non-PDF special ignored!
Non-PDF special ignored!
Non-PDF special ignored!
Non-PDF special ignored!
Non-PDF special ignored!
Non-PDF special ignored!
Non-PDF special ignored!
Non-PDF special ignored!
Non-PDF special ignored!
Non-PDF special ignored!]
Overfull \vbox (4.0pt too high) has occurred while \output is active []


Overfull \vbox (9.0pt too high) has occurred while \output is active []

 [91
Non-PDF special ignored!
Non-PDF special ignored!
Non-PDF special ignored!
Non-PDF special ignored!
Non-PDF special ignored!
Non-PDF special ignored!
Non-PDF special ignored!
Non-PDF special ignored!
Non-PDF special ignored!
Non-PDF special ignored!
Non-PDF special ignored!
Non-PDF special ignored!
Non-PDF special ignored!
Non-PDF special ignored!
Non-PDF special ignored!
Non-PDF special ignored!
Non-PDF special ignored!
Non-PDF special ignored!
Non-PDF special ignored!
Non-PDF special ignored!
Non-PDF special ignored!
Non-PDF special ignored!
Non-PDF special ignored!
Non-PDF special ignored!
Non-PDF special ignored!
Non-PDF special ignored!
Non-PDF special ignored!
Non-PDF special ignored!
Non-PDF special ignored!
Non-PDF special ignored!
Non-PDF special ignored!
Non-PDF special ignored!
Non-PDF special ignored!
Non-PDF special ignored!


Non-PDF special ignored!
Non-PDF special ignored!
Non-PDF special ignored!
Non-PDF special ignored!
Non-PDF special ignored!
Non-PDF special ignored!]
Overfull \vbox (11.0pt too high) has occurred while \output is active []


(./tables/est_cost_clr.tex)
Overfull \vbox (246.10783pt too high) detected at line 458
 []


Overfull \vbox (28.6pt too high) has occurred while \output is active []


Overfull \vbox (9.0pt too high) has occurred while \output is active []

 [92
Non-PDF special ignored!
Non-PDF special ignored!
Non-PDF special ignored!
Non-PDF special ignored!
Non-PDF special ignored!
Non-PDF special ignored!
Non-PDF special ignored!
Non-PDF special ignored!
Non-PDF special ignored!
Non-PDF special ignored!
Non-PDF special ignored!
Non-PDF special ignored!
Non-PDF special ignored!
Non-PDF special ignored!
Non-PDF special ignored!
Non-PDF special ignored!
Non-PDF special ignored!
Non-PDF special ignored!
Non-PDF special ignored!
Non-PDF special ignored!
Non-PDF special ignored!
Non-PDF special ignored!
Non-PDF special ignored!
Non-PDF special ignored!
Non-PDF special ignored!
Non-PDF special ignored!
Non-PDF special ignored!
Non-PDF special ignored!
Non-PDF special ignored!
Non-PDF special ignored!
Non-PDF special ignored!
Non-PDF special ignored!
Non-PDF special ignored!
Non-PDF special ignored!
Non-PDF special ignored!
Non-PDF special ignored!
Non-PDF special ignored!
Non-PDF special ignored!
Non-PDF special ignored!
Non-PDF special ignored!
Non-PDF special ignored!
Non-PDF special ignored!
Non-PDF special ignored!
Non-PDF special ignored!
Non-PDF special ignored!
Non-PDF special ignored!
Non-PDF special ignored!
Non-PDF special ignored!
Non-PDF special ignored!
Non-PDF special ignored!
Non-PDF special ignored!
Non-PDF special ignored!
Non-PDF special ignored!
Non-PDF special ignored!
Non-PDF special ignored!
Non-PDF special ignored!
Non-PDF special ignored!
Non-PDF special ignored!]
Overfull \vbox (4.0pt too high) has occurred while \output is active []


Overfull \vbox (9.0pt too high) has occurred while \output is active []

 [93
Non-PDF special ignored!
Non-PDF special ignored!
Non-PDF special ignored!
Non-PDF special ignored!
Non-PDF special ignored!
Non-PDF special ignored!
Non-PDF special ignored!
Non-PDF special ignored!
Non-PDF special ignored!
Non-PDF special ignored!
Non-PDF special ignored!
Non-PDF special ignored!
Non-PDF special ignored!
Non-PDF special ignored!
Non-PDF special ignored!
Non-PDF special ignored!
Non-PDF special ignored!
Non-PDF special ignored!
Non-PDF special ignored!
Non-PDF special ignored!
Non-PDF special ignored!
Non-PDF special ignored!
Non-PDF special ignored!
Non-PDF special ignored!
Non-PDF special ignored!
Non-PDF special ignored!
Non-PDF special ignored!
Non-PDF special ignored!
Non-PDF special ignored!
Non-PDF special ignored!
Non-PDF special ignored!
Non-PDF special ignored!
Non-PDF special ignored!
Non-PDF special ignored!


Non-PDF special ignored!
Non-PDF special ignored!
Non-PDF special ignored!
Non-PDF special ignored!
Non-PDF special ignored!
Non-PDF special ignored!]
Overfull \vbox (11.0pt too high) has occurred while \output is active []


(./tables/results1_clr.tex) (./tables/results2_clr.tex
Overfull \hbox (20.28503pt too wide) in paragraph at lines 6--27
 [] 
 []

)
Overfull \vbox (241.01805pt too high) detected at line 463
 []


Overfull \vbox (28.6pt too high) has occurred while \output is active []


Overfull \vbox (9.0pt too high) has occurred while \output is active []

 [94
Non-PDF special ignored!
Non-PDF special ignored!
Non-PDF special ignored!
Non-PDF special ignored!
Non-PDF special ignored!
Non-PDF special ignored!
Non-PDF special ignored!
Non-PDF special ignored!
Non-PDF special ignored!
Non-PDF special ignored!
Non-PDF special ignored!
Non-PDF special ignored!
Non-PDF special ignored!
Non-PDF special ignored!
Non-PDF special ignored!
Non-PDF special ignored!
Non-PDF special ignored!
Non-PDF special ignored!
Non-PDF special ignored!
Non-PDF special ignored!
Non-PDF special ignored!
Non-PDF special ignored!
Non-PDF special ignored!
Non-PDF special ignored!
Non-PDF special ignored!
Non-PDF special ignored!
Non-PDF special ignored!
Non-PDF special ignored!
Non-PDF special ignored!
Non-PDF special ignored!
Non-PDF special ignored!
Non-PDF special ignored!
Non-PDF special ignored!
Non-PDF special ignored!
Non-PDF special ignored!
Non-PDF special ignored!
Non-PDF special ignored!
Non-PDF special ignored!
Non-PDF special ignored!
Non-PDF special ignored!
Non-PDF special ignored!
Non-PDF special ignored!
Non-PDF special ignored!
Non-PDF special ignored!
Non-PDF special ignored!
Non-PDF special ignored!
Non-PDF special ignored!
Non-PDF special ignored!
Non-PDF special ignored!
Non-PDF special ignored!
Non-PDF special ignored!
Non-PDF special ignored!
Non-PDF special ignored!
Non-PDF special ignored!
Non-PDF special ignored!
Non-PDF special ignored!
Non-PDF special ignored!
Non-PDF special ignored!
Non-PDF special ignored!
Non-PDF special ignored!
Non-PDF special ignored!
Non-PDF special ignored!
Non-PDF special ignored!
Non-PDF special ignored!
Non-PDF special ignored!
Non-PDF special ignored!
Non-PDF special ignored!
Non-PDF special ignored!]
Overfull \vbox (4.0pt too high) has occurred while \output is active []


Overfull \vbox (9.0pt too high) has occurred while \output is active []

 [95
Non-PDF special ignored!
Non-PDF special ignored!
Non-PDF special ignored!
Non-PDF special ignored!
Non-PDF special ignored!
Non-PDF special ignored!
Non-PDF special ignored!
Non-PDF special ignored!
Non-PDF special ignored!
Non-PDF special ignored!
Non-PDF special ignored!
Non-PDF special ignored!
Non-PDF special ignored!
Non-PDF special ignored!
Non-PDF special ignored!
Non-PDF special ignored!
Non-PDF special ignored!
Non-PDF special ignored!
Non-PDF special ignored!
Non-PDF special ignored!
Non-PDF special ignored!
Non-PDF special ignored!
Non-PDF special ignored!
Non-PDF special ignored!
Non-PDF special ignored!
Non-PDF special ignored!
Non-PDF special ignored!
Non-PDF special ignored!
Non-PDF special ignored!
Non-PDF special ignored!
Non-PDF special ignored!
Non-PDF special ignored!
Non-PDF special ignored!
Non-PDF special ignored!


Non-PDF special ignored!
Non-PDF special ignored!
Non-PDF special ignored!
Non-PDF special ignored!
Non-PDF special ignored!
Non-PDF special ignored!]
Overfull \vbox (11.0pt too high) has occurred while \output is active []


! Undefined control sequence.
<argument> \setbox \@tempboxa =\hbox {\XeTeXpicfile 
                                         "\Gin@@name "\GPT@space \ifx \Gin@page
l.483 \end{frame}
               
The control sequence at the end of the top line
of your error message was never \def'ed. If you have
misspelled it (e.g., `\hobx'), type `I' and the correct
spelling (e.g., `I\hbox'). Otherwise just continue,
and I'll forget about whatever was undefined.

File: figures/fit_precio.png Graphic file (type bmp)
<figures/fit_precio.png>
! Undefined control sequence.
<argument> \setbox \@tempboxa =\hbox {\XeTeXpicfile 
                                         "\Gin@@name "\GPT@space \ifx \Gin@page
l.483 \end{frame}
               
The control sequence at the end of the top line
of your error message was never \def'ed. If you have
misspelled it (e.g., `\hobx'), type `I' and the correct
spelling (e.g., `I\hbox'). Otherwise just continue,
and I'll forget about whatever was undefined.

File: figures/fit_qe.png Graphic file (type bmp)
<figures/fit_qe.png>

Overfull \vbox (112.59195pt too high) detected at line 483
 []


Overfull \vbox (28.6pt too high) has occurred while \output is active []


Overfull \vbox (9.0pt too high) has occurred while \output is active []

 [96
Non-PDF special ignored!
Non-PDF special ignored!
Non-PDF special ignored!
Non-PDF special ignored!
Non-PDF special ignored!
Non-PDF special ignored!
Non-PDF special ignored!
Non-PDF special ignored!
Non-PDF special ignored!
Non-PDF special ignored!
Non-PDF special ignored!
Non-PDF special ignored!
Non-PDF special ignored!
Non-PDF special ignored!
Non-PDF special ignored!
Non-PDF special ignored!
Non-PDF special ignored!
Non-PDF special ignored!
Non-PDF special ignored!
Non-PDF special ignored!
Non-PDF special ignored!
Non-PDF special ignored!
Non-PDF special ignored!
Non-PDF special ignored!
Non-PDF special ignored!
Non-PDF special ignored!
Non-PDF special ignored!
Non-PDF special ignored!
Non-PDF special ignored!
Non-PDF special ignored!
Non-PDF special ignored!
Non-PDF special ignored!
Non-PDF special ignored!
Non-PDF special ignored!
Non-PDF special ignored!
Non-PDF special ignored!
Non-PDF special ignored!
Non-PDF special ignored!
Non-PDF special ignored!
Non-PDF special ignored!
Non-PDF special ignored!
Non-PDF special ignored!
Non-PDF special ignored!
Non-PDF special ignored!
Non-PDF special ignored!
Non-PDF special ignored!
Non-PDF special ignored!
Non-PDF special ignored!
Non-PDF special ignored!
Non-PDF special ignored!
Non-PDF special ignored!
Non-PDF special ignored!
Non-PDF special ignored!
Non-PDF special ignored!
Non-PDF special ignored!
Non-PDF special ignored!
Non-PDF special ignored!
Non-PDF special ignored!
Non-PDF special ignored!
Non-PDF special ignored!
Non-PDF special ignored!
Non-PDF special ignored!
Non-PDF special ignored!
Non-PDF special ignored!
Non-PDF special ignored!
Non-PDF special ignored!
Non-PDF special ignored!
Non-PDF special ignored!
Non-PDF special ignored!
Non-PDF special ignored!
Non-PDF special ignored!
Non-PDF special ignored!
Non-PDF special ignored!
Non-PDF special ignored!]
Overfull \vbox (4.0pt too high) has occurred while \output is active []


Overfull \vbox (9.0pt too high) has occurred while \output is active []

 [97
Non-PDF special ignored!
Non-PDF special ignored!
Non-PDF special ignored!
Non-PDF special ignored!
Non-PDF special ignored!
Non-PDF special ignored!
Non-PDF special ignored!
Non-PDF special ignored!
Non-PDF special ignored!
Non-PDF special ignored!
Non-PDF special ignored!
Non-PDF special ignored!
Non-PDF special ignored!
Non-PDF special ignored!
Non-PDF special ignored!
Non-PDF special ignored!
Non-PDF special ignored!
Non-PDF special ignored!
Non-PDF special ignored!
Non-PDF special ignored!
Non-PDF special ignored!
Non-PDF special ignored!
Non-PDF special ignored!
Non-PDF special ignored!
Non-PDF special ignored!
Non-PDF special ignored!
Non-PDF special ignored!
Non-PDF special ignored!
Non-PDF special ignored!
Non-PDF special ignored!
Non-PDF special ignored!
Non-PDF special ignored!
Non-PDF special ignored!
Non-PDF special ignored!


Non-PDF special ignored!
Non-PDF special ignored!
Non-PDF special ignored!
Non-PDF special ignored!
Non-PDF special ignored!
Non-PDF special ignored!]
Overfull \vbox (11.0pt too high) has occurred while \output is active []


! Undefined control sequence.
<argument> \setbox \@tempboxa =\hbox {\XeTeXpicfile 
                                         "\Gin@@name "\GPT@space \ifx \Gin@page
l.493 \end{frame}
               
The control sequence at the end of the top line
of your error message was never \def'ed. If you have
misspelled it (e.g., `\hobx'), type `I' and the correct
spelling (e.g., `I\hbox'). Otherwise just continue,
and I'll forget about whatever was undefined.

File: figures/costs_hist.png Graphic file (type bmp)
<figures/costs_hist.png>

Overfull \vbox (89.30872pt too high) detected at line 493
 []


Overfull \vbox (28.6pt too high) has occurred while \output is active []


Overfull \vbox (9.0pt too high) has occurred while \output is active []

 [98
Non-PDF special ignored!
Non-PDF special ignored!
Non-PDF special ignored!
Non-PDF special ignored!
Non-PDF special ignored!
Non-PDF special ignored!
Non-PDF special ignored!
Non-PDF special ignored!
Non-PDF special ignored!
Non-PDF special ignored!
Non-PDF special ignored!
Non-PDF special ignored!
Non-PDF special ignored!
Non-PDF special ignored!
Non-PDF special ignored!
Non-PDF special ignored!
Non-PDF special ignored!
Non-PDF special ignored!
Non-PDF special ignored!
Non-PDF special ignored!
Non-PDF special ignored!
Non-PDF special ignored!
Non-PDF special ignored!
Non-PDF special ignored!
Non-PDF special ignored!
Non-PDF special ignored!
Non-PDF special ignored!
Non-PDF special ignored!
Non-PDF special ignored!
Non-PDF special ignored!
Non-PDF special ignored!
Non-PDF special ignored!
Non-PDF special ignored!
Non-PDF special ignored!
Non-PDF special ignored!
Non-PDF special ignored!
Non-PDF special ignored!
Non-PDF special ignored!
Non-PDF special ignored!
Non-PDF special ignored!
Non-PDF special ignored!
Non-PDF special ignored!
Non-PDF special ignored!
Non-PDF special ignored!
Non-PDF special ignored!
Non-PDF special ignored!
Non-PDF special ignored!
Non-PDF special ignored!
Non-PDF special ignored!
Non-PDF special ignored!
Non-PDF special ignored!
Non-PDF special ignored!
Non-PDF special ignored!
Non-PDF special ignored!
Non-PDF special ignored!
Non-PDF special ignored!
Non-PDF special ignored!
Non-PDF special ignored!
Non-PDF special ignored!
Non-PDF special ignored!
Non-PDF special ignored!
Non-PDF special ignored!
Non-PDF special ignored!
Non-PDF special ignored!
Non-PDF special ignored!
Non-PDF special ignored!]
Overfull \vbox (4.0pt too high) has occurred while \output is active []


Overfull \vbox (9.0pt too high) has occurred while \output is active []

 [99
Non-PDF special ignored!
Non-PDF special ignored!
Non-PDF special ignored!
Non-PDF special ignored!
Non-PDF special ignored!
Non-PDF special ignored!
Non-PDF special ignored!
Non-PDF special ignored!
Non-PDF special ignored!
Non-PDF special ignored!
Non-PDF special ignored!
Non-PDF special ignored!
Non-PDF special ignored!
Non-PDF special ignored!
Non-PDF special ignored!
Non-PDF special ignored!
Non-PDF special ignored!
Non-PDF special ignored!
Non-PDF special ignored!
Non-PDF special ignored!
Non-PDF special ignored!
Non-PDF special ignored!
Non-PDF special ignored!
Non-PDF special ignored!
Non-PDF special ignored!
Non-PDF special ignored!
Non-PDF special ignored!
Non-PDF special ignored!
Non-PDF special ignored!
Non-PDF special ignored!
Non-PDF special ignored!
Non-PDF special ignored!
Non-PDF special ignored!
Non-PDF special ignored!


Non-PDF special ignored!
Non-PDF special ignored!
Non-PDF special ignored!
Non-PDF special ignored!
Non-PDF special ignored!
Non-PDF special ignored!]
Overfull \vbox (11.0pt too high) has occurred while \output is active []


! Undefined control sequence.
<argument> \setbox \@tempboxa =\hbox {\XeTeXpicfile 
                                         "\Gin@@name "\GPT@space \ifx \Gin@page
l.503 \end{frame}
               
The control sequence at the end of the top line
of your error message was never \def'ed. If you have
misspelled it (e.g., `\hobx'), type `I' and the correct
spelling (e.g., `I\hbox'). Otherwise just continue,
and I'll forget about whatever was undefined.

File: figures/diff_heat_diff_costs.png Graphic file (type bmp)
<figures/diff_heat_diff_costs.png>

Overfull \vbox (83.61826pt too high) detected at line 503
 []


Overfull \vbox (28.6pt too high) has occurred while \output is active []


Overfull \vbox (9.0pt too high) has occurred while \output is active []

 [100
Non-PDF special ignored!
Non-PDF special ignored!
Non-PDF special ignored!
Non-PDF special ignored!
Non-PDF special ignored!
Non-PDF special ignored!
Non-PDF special ignored!
Non-PDF special ignored!
Non-PDF special ignored!
Non-PDF special ignored!
Non-PDF special ignored!
Non-PDF special ignored!
Non-PDF special ignored!
Non-PDF special ignored!
Non-PDF special ignored!
Non-PDF special ignored!
Non-PDF special ignored!
Non-PDF special ignored!
Non-PDF special ignored!
Non-PDF special ignored!
Non-PDF special ignored!
Non-PDF special ignored!
Non-PDF special ignored!
Non-PDF special ignored!
Non-PDF special ignored!
Non-PDF special ignored!
Non-PDF special ignored!
Non-PDF special ignored!
Non-PDF special ignored!
Non-PDF special ignored!
Non-PDF special ignored!
Non-PDF special ignored!
Non-PDF special ignored!
Non-PDF special ignored!
Non-PDF special ignored!
Non-PDF special ignored!
Non-PDF special ignored!
Non-PDF special ignored!
Non-PDF special ignored!
Non-PDF special ignored!
Non-PDF special ignored!
Non-PDF special ignored!
Non-PDF special ignored!
Non-PDF special ignored!
Non-PDF special ignored!
Non-PDF special ignored!
Non-PDF special ignored!
Non-PDF special ignored!
Non-PDF special ignored!
Non-PDF special ignored!
Non-PDF special ignored!
Non-PDF special ignored!
Non-PDF special ignored!
Non-PDF special ignored!
Non-PDF special ignored!
Non-PDF special ignored!
Non-PDF special ignored!
Non-PDF special ignored!
Non-PDF special ignored!
Non-PDF special ignored!
Non-PDF special ignored!
Non-PDF special ignored!
Non-PDF special ignored!
Non-PDF special ignored!
Non-PDF special ignored!
Non-PDF special ignored!]
Overfull \vbox (4.0pt too high) has occurred while \output is active []


Overfull \vbox (9.0pt too high) has occurred while \output is active []

 [101
Non-PDF special ignored!
Non-PDF special ignored!
Non-PDF special ignored!
Non-PDF special ignored!
Non-PDF special ignored!
Non-PDF special ignored!
Non-PDF special ignored!
Non-PDF special ignored!
Non-PDF special ignored!
Non-PDF special ignored!
Non-PDF special ignored!
Non-PDF special ignored!
Non-PDF special ignored!
Non-PDF special ignored!
Non-PDF special ignored!
Non-PDF special ignored!
Non-PDF special ignored!
Non-PDF special ignored!
Non-PDF special ignored!
Non-PDF special ignored!
Non-PDF special ignored!
Non-PDF special ignored!
Non-PDF special ignored!
Non-PDF special ignored!
Non-PDF special ignored!
Non-PDF special ignored!
Non-PDF special ignored!
Non-PDF special ignored!
Non-PDF special ignored!
Non-PDF special ignored!
Non-PDF special ignored!
Non-PDF special ignored!
Non-PDF special ignored!
Non-PDF special ignored!


Non-PDF special ignored!
Non-PDF special ignored!
Non-PDF special ignored!
Non-PDF special ignored!
Non-PDF special ignored!
Non-PDF special ignored!]
Overfull \vbox (11.0pt too high) has occurred while \output is active []


! Undefined control sequence.
<argument> \setbox \@tempboxa =\hbox {\XeTeXpicfile 
                                         "\Gin@@name "\GPT@space \ifx \Gin@page
l.513 \end{frame}
               
The control sequence at the end of the top line
of your error message was never \def'ed. If you have
misspelled it (e.g., `\hobx'), type `I' and the correct
spelling (e.g., `I\hbox'). Otherwise just continue,
and I'll forget about whatever was undefined.

File: figures/diff_costs_diff_qe.png Graphic file (type bmp)
<figures/diff_costs_diff_qe.png>

Overfull \vbox (83.61826pt too high) detected at line 513
 []


Overfull \vbox (28.6pt too high) has occurred while \output is active []


Overfull \vbox (9.0pt too high) has occurred while \output is active []

 [102
Non-PDF special ignored!
Non-PDF special ignored!
Non-PDF special ignored!
Non-PDF special ignored!
Non-PDF special ignored!
Non-PDF special ignored!
Non-PDF special ignored!
Non-PDF special ignored!
Non-PDF special ignored!
Non-PDF special ignored!
Non-PDF special ignored!
Non-PDF special ignored!
Non-PDF special ignored!
Non-PDF special ignored!
Non-PDF special ignored!
Non-PDF special ignored!
Non-PDF special ignored!
Non-PDF special ignored!
Non-PDF special ignored!
Non-PDF special ignored!
Non-PDF special ignored!
Non-PDF special ignored!
Non-PDF special ignored!
Non-PDF special ignored!
Non-PDF special ignored!
Non-PDF special ignored!
Non-PDF special ignored!
Non-PDF special ignored!
Non-PDF special ignored!
Non-PDF special ignored!
Non-PDF special ignored!
Non-PDF special ignored!
Non-PDF special ignored!
Non-PDF special ignored!
Non-PDF special ignored!
Non-PDF special ignored!
Non-PDF special ignored!
Non-PDF special ignored!
Non-PDF special ignored!
Non-PDF special ignored!
Non-PDF special ignored!
Non-PDF special ignored!
Non-PDF special ignored!
Non-PDF special ignored!
Non-PDF special ignored!
Non-PDF special ignored!
Non-PDF special ignored!
Non-PDF special ignored!
Non-PDF special ignored!
Non-PDF special ignored!
Non-PDF special ignored!
Non-PDF special ignored!
Non-PDF special ignored!
Non-PDF special ignored!
Non-PDF special ignored!
Non-PDF special ignored!
Non-PDF special ignored!
Non-PDF special ignored!
Non-PDF special ignored!
Non-PDF special ignored!
Non-PDF special ignored!
Non-PDF special ignored!
Non-PDF special ignored!
Non-PDF special ignored!
Non-PDF special ignored!
Non-PDF special ignored!]
Overfull \vbox (4.0pt too high) has occurred while \output is active []


Overfull \vbox (9.0pt too high) has occurred while \output is active []

 [103
Non-PDF special ignored!
Non-PDF special ignored!
Non-PDF special ignored!
Non-PDF special ignored!
Non-PDF special ignored!
Non-PDF special ignored!
Non-PDF special ignored!
Non-PDF special ignored!
Non-PDF special ignored!
Non-PDF special ignored!
Non-PDF special ignored!
Non-PDF special ignored!
Non-PDF special ignored!
Non-PDF special ignored!
Non-PDF special ignored!
Non-PDF special ignored!
Non-PDF special ignored!
Non-PDF special ignored!
Non-PDF special ignored!
Non-PDF special ignored!
Non-PDF special ignored!
Non-PDF special ignored!
Non-PDF special ignored!
Non-PDF special ignored!
Non-PDF special ignored!
Non-PDF special ignored!
Non-PDF special ignored!
Non-PDF special ignored!
Non-PDF special ignored!
Non-PDF special ignored!
Non-PDF special ignored!
Non-PDF special ignored!
Non-PDF special ignored!
Non-PDF special ignored!


Non-PDF special ignored!
Non-PDF special ignored!
Non-PDF special ignored!
Non-PDF special ignored!
Non-PDF special ignored!
Non-PDF special ignored!]
Overfull \vbox (11.0pt too high) has occurred while \output is active []


! Undefined control sequence.
<argument> \setbox \@tempboxa =\hbox {\XeTeXpicfile 
                                         "\Gin@@name "\GPT@space \ifx \Gin@page
l.523 \end{frame}
               
The control sequence at the end of the top line
of your error message was never \def'ed. If you have
misspelled it (e.g., `\hobx'), type `I' and the correct
spelling (e.g., `I\hbox'). Otherwise just continue,
and I'll forget about whatever was undefined.

File: figures/diff_costs_diff_profit.png Graphic file (type bmp)
<figures/diff_costs_diff_profit.png>

Overfull \vbox (83.61826pt too high) detected at line 523
 []


Overfull \vbox (28.6pt too high) has occurred while \output is active []


Overfull \vbox (9.0pt too high) has occurred while \output is active []

 [104
Non-PDF special ignored!
Non-PDF special ignored!
Non-PDF special ignored!
Non-PDF special ignored!
Non-PDF special ignored!
Non-PDF special ignored!
Non-PDF special ignored!
Non-PDF special ignored!
Non-PDF special ignored!
Non-PDF special ignored!
Non-PDF special ignored!
Non-PDF special ignored!
Non-PDF special ignored!
Non-PDF special ignored!
Non-PDF special ignored!
Non-PDF special ignored!
Non-PDF special ignored!
Non-PDF special ignored!
Non-PDF special ignored!
Non-PDF special ignored!
Non-PDF special ignored!
Non-PDF special ignored!
Non-PDF special ignored!
Non-PDF special ignored!
Non-PDF special ignored!
Non-PDF special ignored!
Non-PDF special ignored!
Non-PDF special ignored!
Non-PDF special ignored!
Non-PDF special ignored!
Non-PDF special ignored!
Non-PDF special ignored!
Non-PDF special ignored!
Non-PDF special ignored!
Non-PDF special ignored!
Non-PDF special ignored!
Non-PDF special ignored!
Non-PDF special ignored!
Non-PDF special ignored!
Non-PDF special ignored!
Non-PDF special ignored!
Non-PDF special ignored!
Non-PDF special ignored!
Non-PDF special ignored!
Non-PDF special ignored!
Non-PDF special ignored!
Non-PDF special ignored!
Non-PDF special ignored!
Non-PDF special ignored!
Non-PDF special ignored!
Non-PDF special ignored!
Non-PDF special ignored!
Non-PDF special ignored!
Non-PDF special ignored!
Non-PDF special ignored!
Non-PDF special ignored!
Non-PDF special ignored!
Non-PDF special ignored!
Non-PDF special ignored!
Non-PDF special ignored!
Non-PDF special ignored!
Non-PDF special ignored!
Non-PDF special ignored!
Non-PDF special ignored!
Non-PDF special ignored!
Non-PDF special ignored!]
Overfull \vbox (4.0pt too high) has occurred while \output is active []


Overfull \vbox (9.0pt too high) has occurred while \output is active []

 [105
Non-PDF special ignored!
Non-PDF special ignored!
Non-PDF special ignored!
Non-PDF special ignored!
Non-PDF special ignored!
Non-PDF special ignored!
Non-PDF special ignored!
Non-PDF special ignored!
Non-PDF special ignored!
Non-PDF special ignored!
Non-PDF special ignored!
Non-PDF special ignored!
Non-PDF special ignored!
Non-PDF special ignored!
Non-PDF special ignored!
Non-PDF special ignored!
Non-PDF special ignored!
Non-PDF special ignored!
Non-PDF special ignored!
Non-PDF special ignored!
Non-PDF special ignored!
Non-PDF special ignored!
Non-PDF special ignored!
Non-PDF special ignored!
Non-PDF special ignored!
Non-PDF special ignored!
Non-PDF special ignored!
Non-PDF special ignored!
Non-PDF special ignored!
Non-PDF special ignored!
Non-PDF special ignored!
Non-PDF special ignored!
Non-PDF special ignored!
Non-PDF special ignored!


Non-PDF special ignored!
Non-PDF special ignored!
Non-PDF special ignored!
Non-PDF special ignored!
Non-PDF special ignored!
Non-PDF special ignored!]
Overfull \vbox (11.0pt too high) has occurred while \output is active []


! Undefined control sequence.
<argument> \setbox \@tempboxa =\hbox {\XeTeXpicfile 
                                         "\Gin@@name "\GPT@space \ifx \Gin@page
l.533 \end{frame}
               
The control sequence at the end of the top line
of your error message was never \def'ed. If you have
misspelled it (e.g., `\hobx'), type `I' and the correct
spelling (e.g., `I\hbox'). Otherwise just continue,
and I'll forget about whatever was undefined.

File: figures/efecto_est_prop_nout.png Graphic file (type bmp)
<figures/efecto_est_prop_nout.png>

Overfull \vbox (83.61826pt too high) detected at line 533
 []


Overfull \vbox (28.6pt too high) has occurred while \output is active []


Overfull \vbox (9.0pt too high) has occurred while \output is active []

 [106
Non-PDF special ignored!
Non-PDF special ignored!
Non-PDF special ignored!
Non-PDF special ignored!
Non-PDF special ignored!
Non-PDF special ignored!
Non-PDF special ignored!
Non-PDF special ignored!
Non-PDF special ignored!
Non-PDF special ignored!
Non-PDF special ignored!
Non-PDF special ignored!
Non-PDF special ignored!
Non-PDF special ignored!
Non-PDF special ignored!
Non-PDF special ignored!
Non-PDF special ignored!
Non-PDF special ignored!
Non-PDF special ignored!
Non-PDF special ignored!
Non-PDF special ignored!
Non-PDF special ignored!
Non-PDF special ignored!
Non-PDF special ignored!
Non-PDF special ignored!
Non-PDF special ignored!
Non-PDF special ignored!
Non-PDF special ignored!
Non-PDF special ignored!
Non-PDF special ignored!
Non-PDF special ignored!
Non-PDF special ignored!
Non-PDF special ignored!
Non-PDF special ignored!
Non-PDF special ignored!
Non-PDF special ignored!
Non-PDF special ignored!
Non-PDF special ignored!
Non-PDF special ignored!
Non-PDF special ignored!
Non-PDF special ignored!
Non-PDF special ignored!
Non-PDF special ignored!
Non-PDF special ignored!
Non-PDF special ignored!
Non-PDF special ignored!
Non-PDF special ignored!
Non-PDF special ignored!
Non-PDF special ignored!
Non-PDF special ignored!
Non-PDF special ignored!
Non-PDF special ignored!
Non-PDF special ignored!
Non-PDF special ignored!
Non-PDF special ignored!
Non-PDF special ignored!
Non-PDF special ignored!
Non-PDF special ignored!
Non-PDF special ignored!
Non-PDF special ignored!
Non-PDF special ignored!
Non-PDF special ignored!
Non-PDF special ignored!
Non-PDF special ignored!
Non-PDF special ignored!
Non-PDF special ignored!]
Overfull \vbox (4.0pt too high) has occurred while \output is active []


Overfull \vbox (9.0pt too high) has occurred while \output is active []

 [107
Non-PDF special ignored!
Non-PDF special ignored!
Non-PDF special ignored!
Non-PDF special ignored!
Non-PDF special ignored!
Non-PDF special ignored!
Non-PDF special ignored!
Non-PDF special ignored!
Non-PDF special ignored!
Non-PDF special ignored!
Non-PDF special ignored!
Non-PDF special ignored!
Non-PDF special ignored!
Non-PDF special ignored!
Non-PDF special ignored!
Non-PDF special ignored!
Non-PDF special ignored!
Non-PDF special ignored!
Non-PDF special ignored!
Non-PDF special ignored!
Non-PDF special ignored!
Non-PDF special ignored!
Non-PDF special ignored!
Non-PDF special ignored!
Non-PDF special ignored!
Non-PDF special ignored!
Non-PDF special ignored!
Non-PDF special ignored!
Non-PDF special ignored!
Non-PDF special ignored!
Non-PDF special ignored!
Non-PDF special ignored!
Non-PDF special ignored!
Non-PDF special ignored!


Non-PDF special ignored!
Non-PDF special ignored!
Non-PDF special ignored!
Non-PDF special ignored!
Non-PDF special ignored!
Non-PDF special ignored!]
Overfull \vbox (11.0pt too high) has occurred while \output is active []


! Undefined control sequence.
<argument> \setbox \@tempboxa =\hbox {\XeTeXpicfile 
                                         "\Gin@@name "\GPT@space \ifx \Gin@page
l.542 \end{frame}
               
The control sequence at the end of the top line
of your error message was never \def'ed. If you have
misspelled it (e.g., `\hobx'), type `I' and the correct
spelling (e.g., `I\hbox'). Otherwise just continue,
and I'll forget about whatever was undefined.

File: figures/costs_strat.png Graphic file (type bmp)
<figures/costs_strat.png>

Overfull \vbox (95.61826pt too high) detected at line 542
 []


Overfull \vbox (28.6pt too high) has occurred while \output is active []


Overfull \vbox (9.0pt too high) has occurred while \output is active []

 [108
Non-PDF special ignored!
Non-PDF special ignored!
Non-PDF special ignored!
Non-PDF special ignored!
Non-PDF special ignored!
Non-PDF special ignored!
Non-PDF special ignored!
Non-PDF special ignored!
Non-PDF special ignored!
Non-PDF special ignored!
Non-PDF special ignored!
Non-PDF special ignored!
Non-PDF special ignored!
Non-PDF special ignored!
Non-PDF special ignored!
Non-PDF special ignored!
Non-PDF special ignored!
Non-PDF special ignored!
Non-PDF special ignored!
Non-PDF special ignored!
Non-PDF special ignored!
Non-PDF special ignored!
Non-PDF special ignored!
Non-PDF special ignored!
Non-PDF special ignored!
Non-PDF special ignored!
Non-PDF special ignored!
Non-PDF special ignored!
Non-PDF special ignored!
Non-PDF special ignored!
Non-PDF special ignored!
Non-PDF special ignored!
Non-PDF special ignored!
Non-PDF special ignored!
Non-PDF special ignored!
Non-PDF special ignored!
Non-PDF special ignored!
Non-PDF special ignored!
Non-PDF special ignored!
Non-PDF special ignored!
Non-PDF special ignored!
Non-PDF special ignored!
Non-PDF special ignored!
Non-PDF special ignored!
Non-PDF special ignored!
Non-PDF special ignored!
Non-PDF special ignored!
Non-PDF special ignored!
Non-PDF special ignored!
Non-PDF special ignored!
Non-PDF special ignored!
Non-PDF special ignored!
Non-PDF special ignored!
Non-PDF special ignored!
Non-PDF special ignored!
Non-PDF special ignored!
Non-PDF special ignored!
Non-PDF special ignored!
Non-PDF special ignored!
Non-PDF special ignored!
Non-PDF special ignored!
Non-PDF special ignored!
Non-PDF special ignored!
Non-PDF special ignored!
Non-PDF special ignored!
Non-PDF special ignored!]
Overfull \vbox (4.0pt too high) has occurred while \output is active []


Overfull \vbox (9.0pt too high) has occurred while \output is active []

 [109
Non-PDF special ignored!
Non-PDF special ignored!
Non-PDF special ignored!
Non-PDF special ignored!
Non-PDF special ignored!
Non-PDF special ignored!
Non-PDF special ignored!
Non-PDF special ignored!
Non-PDF special ignored!
Non-PDF special ignored!
Non-PDF special ignored!
Non-PDF special ignored!
Non-PDF special ignored!
Non-PDF special ignored!
Non-PDF special ignored!
Non-PDF special ignored!
Non-PDF special ignored!
Non-PDF special ignored!
Non-PDF special ignored!
Non-PDF special ignored!
Non-PDF special ignored!
Non-PDF special ignored!
Non-PDF special ignored!
Non-PDF special ignored!
Non-PDF special ignored!
Non-PDF special ignored!
Non-PDF special ignored!
Non-PDF special ignored!
Non-PDF special ignored!
Non-PDF special ignored!
Non-PDF special ignored!
Non-PDF special ignored!
Non-PDF special ignored!
Non-PDF special ignored!


Non-PDF special ignored!
Non-PDF special ignored!
Non-PDF special ignored!
Non-PDF special ignored!
Non-PDF special ignored!
Non-PDF special ignored!]
Overfull \vbox (11.0pt too high) has occurred while \output is active []


! Undefined control sequence.
<argument> \setbox \@tempboxa =\hbox {\XeTeXpicfile 
                                         "\Gin@@name "\GPT@space \ifx \Gin@page
l.551 \end{frame}
               
The control sequence at the end of the top line
of your error message was never \def'ed. If you have
misspelled it (e.g., `\hobx'), type `I' and the correct
spelling (e.g., `I\hbox'). Otherwise just continue,
and I'll forget about whatever was undefined.

File: figures/heat_strat.png Graphic file (type bmp)
<figures/heat_strat.png>

Overfull \vbox (95.61826pt too high) detected at line 551
 []


Overfull \vbox (28.6pt too high) has occurred while \output is active []


Overfull \vbox (9.0pt too high) has occurred while \output is active []

 [110
Non-PDF special ignored!
Non-PDF special ignored!
Non-PDF special ignored!
Non-PDF special ignored!
Non-PDF special ignored!
Non-PDF special ignored!
Non-PDF special ignored!
Non-PDF special ignored!
Non-PDF special ignored!
Non-PDF special ignored!
Non-PDF special ignored!
Non-PDF special ignored!
Non-PDF special ignored!
Non-PDF special ignored!
Non-PDF special ignored!
Non-PDF special ignored!
Non-PDF special ignored!
Non-PDF special ignored!
Non-PDF special ignored!
Non-PDF special ignored!
Non-PDF special ignored!
Non-PDF special ignored!
Non-PDF special ignored!
Non-PDF special ignored!
Non-PDF special ignored!
Non-PDF special ignored!
Non-PDF special ignored!
Non-PDF special ignored!
Non-PDF special ignored!
Non-PDF special ignored!
Non-PDF special ignored!
Non-PDF special ignored!
Non-PDF special ignored!
Non-PDF special ignored!
Non-PDF special ignored!
Non-PDF special ignored!
Non-PDF special ignored!
Non-PDF special ignored!
Non-PDF special ignored!
Non-PDF special ignored!
Non-PDF special ignored!
Non-PDF special ignored!
Non-PDF special ignored!
Non-PDF special ignored!
Non-PDF special ignored!
Non-PDF special ignored!
Non-PDF special ignored!
Non-PDF special ignored!
Non-PDF special ignored!
Non-PDF special ignored!
Non-PDF special ignored!
Non-PDF special ignored!
Non-PDF special ignored!
Non-PDF special ignored!
Non-PDF special ignored!
Non-PDF special ignored!
Non-PDF special ignored!
Non-PDF special ignored!
Non-PDF special ignored!
Non-PDF special ignored!
Non-PDF special ignored!
Non-PDF special ignored!
Non-PDF special ignored!
Non-PDF special ignored!
Non-PDF special ignored!
Non-PDF special ignored!]
Overfull \vbox (4.0pt too high) has occurred while \output is active []


Overfull \vbox (9.0pt too high) has occurred while \output is active []

 [111
Non-PDF special ignored!
Non-PDF special ignored!
Non-PDF special ignored!
Non-PDF special ignored!
Non-PDF special ignored!
Non-PDF special ignored!
Non-PDF special ignored!
Non-PDF special ignored!
Non-PDF special ignored!
Non-PDF special ignored!
Non-PDF special ignored!
Non-PDF special ignored!
Non-PDF special ignored!
Non-PDF special ignored!
Non-PDF special ignored!
Non-PDF special ignored!
Non-PDF special ignored!
Non-PDF special ignored!
Non-PDF special ignored!
Non-PDF special ignored!
Non-PDF special ignored!
Non-PDF special ignored!
Non-PDF special ignored!
Non-PDF special ignored!
Non-PDF special ignored!
Non-PDF special ignored!
Non-PDF special ignored!
Non-PDF special ignored!
Non-PDF special ignored!
Non-PDF special ignored!
Non-PDF special ignored!
Non-PDF special ignored!
Non-PDF special ignored!
Non-PDF special ignored!


Non-PDF special ignored!
Non-PDF special ignored!
Non-PDF special ignored!
Non-PDF special ignored!
Non-PDF special ignored!
Non-PDF special ignored!]
Overfull \vbox (11.0pt too high) has occurred while \output is active []


! Undefined control sequence.
<argument> \setbox \@tempboxa =\hbox {\XeTeXpicfile 
                                         "\Gin@@name "\GPT@space \ifx \Gin@page
l.561 \end{frame}
               
The control sequence at the end of the top line
of your error message was never \def'ed. If you have
misspelled it (e.g., `\hobx'), type `I' and the correct
spelling (e.g., `I\hbox'). Otherwise just continue,
and I'll forget about whatever was undefined.

File: figures/vietnam_qe.png Graphic file (type bmp)
<figures/vietnam_qe.png>

Overfull \vbox (83.31822pt too high) detected at line 561
 []


Overfull \vbox (28.6pt too high) has occurred while \output is active []


Overfull \vbox (9.0pt too high) has occurred while \output is active []

 [112
Non-PDF special ignored!
Non-PDF special ignored!
Non-PDF special ignored!
Non-PDF special ignored!
Non-PDF special ignored!
Non-PDF special ignored!
Non-PDF special ignored!
Non-PDF special ignored!
Non-PDF special ignored!
Non-PDF special ignored!
Non-PDF special ignored!
Non-PDF special ignored!
Non-PDF special ignored!
Non-PDF special ignored!
Non-PDF special ignored!
Non-PDF special ignored!
Non-PDF special ignored!
Non-PDF special ignored!
Non-PDF special ignored!
Non-PDF special ignored!
Non-PDF special ignored!
Non-PDF special ignored!
Non-PDF special ignored!
Non-PDF special ignored!
Non-PDF special ignored!
Non-PDF special ignored!
Non-PDF special ignored!
Non-PDF special ignored!
Non-PDF special ignored!
Non-PDF special ignored!
Non-PDF special ignored!
Non-PDF special ignored!
Non-PDF special ignored!
Non-PDF special ignored!
Non-PDF special ignored!
Non-PDF special ignored!
Non-PDF special ignored!
Non-PDF special ignored!
Non-PDF special ignored!
Non-PDF special ignored!
Non-PDF special ignored!
Non-PDF special ignored!
Non-PDF special ignored!
Non-PDF special ignored!
Non-PDF special ignored!
Non-PDF special ignored!
Non-PDF special ignored!
Non-PDF special ignored!
Non-PDF special ignored!
Non-PDF special ignored!
Non-PDF special ignored!
Non-PDF special ignored!
Non-PDF special ignored!
Non-PDF special ignored!
Non-PDF special ignored!
Non-PDF special ignored!
Non-PDF special ignored!
Non-PDF special ignored!]
Overfull \vbox (4.0pt too high) has occurred while \output is active []


Overfull \vbox (9.0pt too high) has occurred while \output is active []

 [113
Non-PDF special ignored!
Non-PDF special ignored!
Non-PDF special ignored!
Non-PDF special ignored!
Non-PDF special ignored!
Non-PDF special ignored!
Non-PDF special ignored!
Non-PDF special ignored!
Non-PDF special ignored!
Non-PDF special ignored!
Non-PDF special ignored!
Non-PDF special ignored!
Non-PDF special ignored!
Non-PDF special ignored!
Non-PDF special ignored!
Non-PDF special ignored!
Non-PDF special ignored!
Non-PDF special ignored!
Non-PDF special ignored!
Non-PDF special ignored!
Non-PDF special ignored!
Non-PDF special ignored!
Non-PDF special ignored!
Non-PDF special ignored!
Non-PDF special ignored!
Non-PDF special ignored!
Non-PDF special ignored!
Non-PDF special ignored!
Non-PDF special ignored!
Non-PDF special ignored!
Non-PDF special ignored!
Non-PDF special ignored!
Non-PDF special ignored!
Non-PDF special ignored!


Non-PDF special ignored!
Non-PDF special ignored!
Non-PDF special ignored!
Non-PDF special ignored!
Non-PDF special ignored!
Non-PDF special ignored!]
Overfull \vbox (11.0pt too high) has occurred while \output is active []


(./tables/costs_change_leaders.tex
Overfull \hbox (7.93501pt too wide) in paragraph at lines 6--17
 [] 
 []

)
Overfull \vbox (158.51816pt too high) detected at line 571
 []


Overfull \vbox (28.6pt too high) has occurred while \output is active []


Overfull \vbox (9.0pt too high) has occurred while \output is active []

 [114
Non-PDF special ignored!
Non-PDF special ignored!
Non-PDF special ignored!
Non-PDF special ignored!
Non-PDF special ignored!
Non-PDF special ignored!
Non-PDF special ignored!
Non-PDF special ignored!
Non-PDF special ignored!
Non-PDF special ignored!
Non-PDF special ignored!
Non-PDF special ignored!
Non-PDF special ignored!
Non-PDF special ignored!
Non-PDF special ignored!
Non-PDF special ignored!
Non-PDF special ignored!
Non-PDF special ignored!
Non-PDF special ignored!
Non-PDF special ignored!
Non-PDF special ignored!
Non-PDF special ignored!
Non-PDF special ignored!
Non-PDF special ignored!
Non-PDF special ignored!
Non-PDF special ignored!
Non-PDF special ignored!
Non-PDF special ignored!
Non-PDF special ignored!
Non-PDF special ignored!
Non-PDF special ignored!
Non-PDF special ignored!
Non-PDF special ignored!
Non-PDF special ignored!
Non-PDF special ignored!
Non-PDF special ignored!
Non-PDF special ignored!
Non-PDF special ignored!
Non-PDF special ignored!
Non-PDF special ignored!
Non-PDF special ignored!
Non-PDF special ignored!
Non-PDF special ignored!
Non-PDF special ignored!
Non-PDF special ignored!
Non-PDF special ignored!
Non-PDF special ignored!
Non-PDF special ignored!
Non-PDF special ignored!
Non-PDF special ignored!
Non-PDF special ignored!
Non-PDF special ignored!
Non-PDF special ignored!
Non-PDF special ignored!
Non-PDF special ignored!
Non-PDF special ignored!
Non-PDF special ignored!
Non-PDF special ignored!
Non-PDF special ignored!
Non-PDF special ignored!
Non-PDF special ignored!
Non-PDF special ignored!
Non-PDF special ignored!
Non-PDF special ignored!
Non-PDF special ignored!
Non-PDF special ignored!
Non-PDF special ignored!
Non-PDF special ignored!]
Overfull \vbox (4.0pt too high) has occurred while \output is active []


Overfull \vbox (9.0pt too high) has occurred while \output is active []

 [115
Non-PDF special ignored!
Non-PDF special ignored!
Non-PDF special ignored!
Non-PDF special ignored!
Non-PDF special ignored!
Non-PDF special ignored!
Non-PDF special ignored!
Non-PDF special ignored!
Non-PDF special ignored!
Non-PDF special ignored!
Non-PDF special ignored!
Non-PDF special ignored!
Non-PDF special ignored!
Non-PDF special ignored!
Non-PDF special ignored!
Non-PDF special ignored!
Non-PDF special ignored!
Non-PDF special ignored!
Non-PDF special ignored!
Non-PDF special ignored!
Non-PDF special ignored!
Non-PDF special ignored!
Non-PDF special ignored!
Non-PDF special ignored!
Non-PDF special ignored!
Non-PDF special ignored!
Non-PDF special ignored!
Non-PDF special ignored!
Non-PDF special ignored!
Non-PDF special ignored!
Non-PDF special ignored!
Non-PDF special ignored!
Non-PDF special ignored!
Non-PDF special ignored!


Non-PDF special ignored!
Non-PDF special ignored!
Non-PDF special ignored!
Non-PDF special ignored!
Non-PDF special ignored!
Non-PDF special ignored!]
Overfull \vbox (11.0pt too high) has occurred while \output is active []


Overfull \vbox (15.0pt too high) has occurred while \output is active []


Overfull \vbox (9.0pt too high) has occurred while \output is active []

 [116
Non-PDF special ignored!
Non-PDF special ignored!
Non-PDF special ignored!
Non-PDF special ignored!
Non-PDF special ignored!
Non-PDF special ignored!
Non-PDF special ignored!
Non-PDF special ignored!
Non-PDF special ignored!
Non-PDF special ignored!
Non-PDF special ignored!
Non-PDF special ignored!
Non-PDF special ignored!
Non-PDF special ignored!
Non-PDF special ignored!
Non-PDF special ignored!
Non-PDF special ignored!
Non-PDF special ignored!
Non-PDF special ignored!
Non-PDF special ignored!
Non-PDF special ignored!
Non-PDF special ignored!
Non-PDF special ignored!
Non-PDF special ignored!
Non-PDF special ignored!
Non-PDF special ignored!
Non-PDF special ignored!
Non-PDF special ignored!
Non-PDF special ignored!
Non-PDF special ignored!
Non-PDF special ignored!
Non-PDF special ignored!
Non-PDF special ignored!
Non-PDF special ignored!
Non-PDF special ignored!
Non-PDF special ignored!
Non-PDF special ignored!
Non-PDF special ignored!
Non-PDF special ignored!
Non-PDF special ignored!]
Overfull \vbox (4.0pt too high) has occurred while \output is active []


Overfull \vbox (9.0pt too high) has occurred while \output is active []

 [117
Non-PDF special ignored!
Non-PDF special ignored!
Non-PDF special ignored!
Non-PDF special ignored!
Non-PDF special ignored!
Non-PDF special ignored!
Non-PDF special ignored!
Non-PDF special ignored!
Non-PDF special ignored!
Non-PDF special ignored!
Non-PDF special ignored!
Non-PDF special ignored!
Non-PDF special ignored!
Non-PDF special ignored!
Non-PDF special ignored!
Non-PDF special ignored!
Non-PDF special ignored!
Non-PDF special ignored!
Non-PDF special ignored!
Non-PDF special ignored!
Non-PDF special ignored!
Non-PDF special ignored!
Non-PDF special ignored!
Non-PDF special ignored!
Non-PDF special ignored!
Non-PDF special ignored!
Non-PDF special ignored!
Non-PDF special ignored!
Non-PDF special ignored!
Non-PDF special ignored!
Non-PDF special ignored!
Non-PDF special ignored!
Non-PDF special ignored!
Non-PDF special ignored!


Non-PDF special ignored!
Non-PDF special ignored!
Non-PDF special ignored!
Non-PDF special ignored!
Non-PDF special ignored!
Non-PDF special ignored!]
Overfull \vbox (11.0pt too high) has occurred while \output is active []

\tf@nav=\write6

\openout6 = slides_meat_30min_vpost.nav
\tf@toc=\write7

\openout7 = slides_meat_30min_vpost.toc
\tf@snm=\write8

\openout8 = slides_meat_30min_vpost.snm

Overfull \vbox (15.0pt too high) has occurred while \output is active []


Overfull \vbox (9.0pt too high) has occurred while \output is active []

 [118
Non-PDF special ignored!
Non-PDF special ignored!
Non-PDF special ignored!
Non-PDF special ignored!
Non-PDF special ignored!
Non-PDF special ignored!
Non-PDF special ignored!
Non-PDF special ignored!
Non-PDF special ignored!
Non-PDF special ignored!
Non-PDF special ignored!
Non-PDF special ignored!
Non-PDF special ignored!
Non-PDF special ignored!
Non-PDF special ignored!
Non-PDF special ignored!
Non-PDF special ignored!
Non-PDF special ignored!
Non-PDF special ignored!
Non-PDF special ignored!
Non-PDF special ignored!
Non-PDF special ignored!
Non-PDF special ignored!
Non-PDF special ignored!
Non-PDF special ignored!
Non-PDF special ignored!
Non-PDF special ignored!
Non-PDF special ignored!
Non-PDF special ignored!
Non-PDF special ignored!
Non-PDF special ignored!
Non-PDF special ignored!
Non-PDF special ignored!
Non-PDF special ignored!
Non-PDF special ignored!
Non-PDF special ignored!
Non-PDF special ignored!
Non-PDF special ignored!
Non-PDF special ignored!
Non-PDF special ignored!]
Overfull \vbox (4.0pt too high) has occurred while \output is active []


Overfull \vbox (9.0pt too high) has occurred while \output is active []

 [119
Non-PDF special ignored!
Non-PDF special ignored!
Non-PDF special ignored!
Non-PDF special ignored!
Non-PDF special ignored!
Non-PDF special ignored!
Non-PDF special ignored!
Non-PDF special ignored!
Non-PDF special ignored!
Non-PDF special ignored!
Non-PDF special ignored!
Non-PDF special ignored!
Non-PDF special ignored!
Non-PDF special ignored!
Non-PDF special ignored!
Non-PDF special ignored!
Non-PDF special ignored!
Non-PDF special ignored!
Non-PDF special ignored!
Non-PDF special ignored!
Non-PDF special ignored!
Non-PDF special ignored!
Non-PDF special ignored!
Non-PDF special ignored!
Non-PDF special ignored!
Non-PDF special ignored!
Non-PDF special ignored!
Non-PDF special ignored!
Non-PDF special ignored!
Non-PDF special ignored!
Non-PDF special ignored!
Non-PDF special ignored!
Non-PDF special ignored!
Non-PDF special ignored!


Non-PDF special ignored!
Non-PDF special ignored!
Non-PDF special ignored!
Non-PDF special ignored!
Non-PDF special ignored!
Non-PDF special ignored!]
Overfull \vbox (11.0pt too high) has occurred while \output is active []



enddocument/afterlastpage: lastpage setting LastPage.
(./slides_meat_30min_vpost.aux
LaTeX Info: Redefining \. on input line 11.
LaTeX Info: Redefining \% on input line 11.
)
 ***********
LaTeX2e <2023-11-01> patch level 1
L3 programming layer <2024-02-20>
 ***********
Package rerunfilecheck Info: File `slides_meat_30min_vpost.out' has not changed
.
(rerunfilecheck)             Checksum: 68647C22C90EB6BECF57BA4373DEB390;360.

Overfull \vbox (15.0pt too high) has occurred while \output is active []


Overfull \vbox (9.0pt too high) has occurred while \output is active []

 [120
Non-PDF special ignored!
Non-PDF special ignored!
Non-PDF special ignored!
Non-PDF special ignored!
Non-PDF special ignored!
Non-PDF special ignored!
Non-PDF special ignored!
Non-PDF special ignored!
Non-PDF special ignored!
Non-PDF special ignored!
Non-PDF special ignored!
Non-PDF special ignored!
Non-PDF special ignored!
Non-PDF special ignored!
Non-PDF special ignored!
Non-PDF special ignored!
Non-PDF special ignored!
Non-PDF special ignored!
Non-PDF special ignored!
Non-PDF special ignored!
Non-PDF special ignored!
Non-PDF special ignored!
Non-PDF special ignored!
Non-PDF special ignored!
Non-PDF special ignored!
Non-PDF special ignored!
Non-PDF special ignored!
Non-PDF special ignored!
Non-PDF special ignored!
Non-PDF special ignored!
Non-PDF special ignored!
Non-PDF special ignored!
Non-PDF special ignored!
Non-PDF special ignored!
Non-PDF special ignored!
Non-PDF special ignored!
Non-PDF special ignored!
Non-PDF special ignored!
Non-PDF special ignored!
Non-PDF special ignored!])
(\end occurred when \ifx on line 4 was incomplete)

Here is how much of LuaTeX's memory you used:
 30386 strings out of 476447
 100000,1977958 words of node,token memory allocated
 7876 words of node memory still in use:
   77 hlist, 16 vlist, 27 rule, 40 disc, 8 local_par, 26 math, 280 glue, 10 kern
, 43 penalty, 319 glyph, 416 attribute, 65 glue_spec, 210 attribute_list, 2 writ
e, 32 special, 1 pdf_dest nodes
   avail lists: 2:1070,3:605,4:16,5:271,6:29,7:2906,8:41,9:583,10:13,11:320
 51221 multiletter control sequences out of 65536+600000
 94 fonts using 15065039 bytes
 106i,15n,105p,458b,757s stack positions out of 10000i,1000n,20000p,200000b,200000s
</usr/local/texlive/2024/texmf-dist/fonts/opentype/public/libertine/LinLibertine
_RI.otf></usr/local/texlive/2024/texmf-dist/fonts/opentype/public/libertine/LinL
ibertine_RB.otf></usr/local/texlive/2024/texmf-dist/fonts/opentype/public/libert
ine/LinLibertine_R.otf></usr/local/texlive/2024/texmf-dist/fonts/type1/public/am
sfonts/cm/cmex10.pfb></usr/local/texlive/2024/texmf-dist/fonts/type1/public/amsf
onts/cm/cmmi10.pfb></usr/local/texlive/2024/texmf-dist/fonts/type1/public/amsfon
ts/cm/cmmi12.pfb></usr/local/texlive/2024/texmf-dist/fonts/type1/public/amsfonts
/cm/cmmi6.pfb></usr/local/texlive/2024/texmf-dist/fonts/type1/public/amsfonts/cm
/cmmi8.pfb></usr/local/texlive/2024/texmf-dist/fonts/type1/public/amsfonts/cm/cm
r10.pfb></usr/local/texlive/2024/texmf-dist/fonts/type1/public/amsfonts/cm/cmr12
.pfb></usr/local/texlive/2024/texmf-dist/fonts/type1/public/amsfonts/cm/cmr6.pfb
></usr/local/texlive/2024/texmf-dist/fonts/type1/public/amsfonts/cm/cmr8.pfb></u
sr/local/texlive/2024/texmf-dist/fonts/type1/public/amsfonts/cm/cmsy10.pfb></usr
/local/texlive/2024/texmf-dist/fonts/type1/public/amsfonts/cm/cmsy6.pfb></usr/lo
cal/texlive/2024/texmf-dist/fonts/type1/public/amsfonts/cm/cmsy8.pfb></usr/local
/texlive/2024/texmf-dist/fonts/type1/public/amsfonts/cm/cmsy9.pfb></usr/local/te
xlive/2024/texmf-dist/fonts/type1/public/amsfonts/symbols/msam10.pfb>
Output written on slides_meat_30min_vpost.pdf (120 pages, 220470 bytes).

PDF statistics: 876 PDF objects out of 1000 (max. 8388607)
 723 compressed objects within 8 object streams
 306 named destinations out of 1000 (max. 131072)
 49 words of extra memory for PDF output out of 10000 (max. 100000000)

